2026-05-29 02:37:31 [INFO] CSC is loading...   Success！
2026-05-29 02:40:14 [INFO]    _____  _____  _____ 
2026-05-29 02:40:14 [INFO]   / ____|/ ____|/ ____|
2026-05-29 02:40:14 [INFO]  | |    | (___ | |        [CSC] Version: v1.21.25
2026-05-29 02:40:14 [INFO]  | |     \___ \| |        Minecraft Version: 1.21.1 neoforge
2026-05-29 02:40:14 [INFO]  | |____ ____) | |____    Problem/Feedback: Discord: https://discord.gg/rQV5JPauY7
2026-05-29 02:40:14 [INFO]   \_____|_____/ \_____|
2026-05-29 02:40:14 [INFO]                        
2026-05-29 02:43:00 [INFO] CSC close completely, thanks for using!
2026-05-29 02:43:22 [INFO]    _____  _____  _____ 
2026-05-29 02:43:22 [INFO]   / ____|/ ____|/ ____|
2026-05-29 02:43:22 [INFO]  | |    | (___ | |        [CSC] Version: v1.21.25
2026-05-29 02:43:22 [INFO]  | |     \___ \| |        Minecraft Version: 1.21.1 neoforge
2026-05-29 02:43:22 [INFO]  | |____ ____) | |____    Problem/Feedback: Discord: https://discord.gg/rQV5JPauY7
2026-05-29 02:43:22 [INFO]   \_____|_____/ \_____|
2026-05-29 02:43:22 [INFO]                        
2026-05-29 02:44:47 [INFO] CSC close completely, thanks for using!
2026-05-29 02:47:49 [INFO] CSC is loading...   Success！
2026-05-29 02:48:47 [INFO]    _____  _____  _____ 
2026-05-29 02:48:47 [INFO]   / ____|/ ____|/ ____|
2026-05-29 02:48:47 [INFO]  | |    | (___ | |        [CSC] Version: v1.21.25
2026-05-29 02:48:47 [INFO]  | |     \___ \| |        Minecraft Version: 1.21.1 neoforge
2026-05-29 02:48:47 [INFO]  | |____ ____) | |____    Problem/Feedback: Discord: https://discord.gg/rQV5JPauY7
2026-05-29 02:48:47 [INFO]   \_____|_____/ \_____|
2026-05-29 02:48:47 [INFO]                        
2026-05-29 02:50:28 [INFO] CSC close completely, thanks for using!
2026-05-29 03:15:41 [WARN] [CSC] Old config.toml archived to M:\MC\createa\.minecraft\versions\Create_Craft&Quiet\config\CSC\config_old_2026_05_29_03_15_41.toml because ConfigVersion changed from 1.21.25 to 1.21.26
2026-05-29 03:15:42 [INFO] CSC is loading...   Success！
2026-05-29 03:17:14 [INFO]    _____  _____  _____ 
2026-05-29 03:17:14 [INFO]   / ____|/ ____|/ ____|
2026-05-29 03:17:14 [INFO]  | |    | (___ | |        [CSC] Version: v1.21.26
2026-05-29 03:17:14 [INFO]  | |     \___ \| |        Minecraft Version: 1.21.1 neoforge
2026-05-29 03:17:14 [INFO]  | |____ ____) | |____    Problem/Feedback: Discord: https://discord.gg/rQV5JPauY7
2026-05-29 03:17:14 [INFO]   \_____|_____/ \_____|
2026-05-29 03:17:14 [INFO]                        
2026-05-29 03:20:00 [INFO] CSC close completely, thanks for using!
2026-05-29 03:21:16 [INFO] CSC is loading...   Success！
2026-05-29 03:23:35 [INFO]    _____  _____  _____ 
2026-05-29 03:23:35 [INFO]   / ____|/ ____|/ ____|
2026-05-29 03:23:35 [INFO]  | |    | (___ | |        [CSC] Version: v1.21.26
2026-05-29 03:23:35 [INFO]  | |     \___ \| |        Minecraft Version: 1.21.1 neoforge
2026-05-29 03:23:35 [INFO]  | |____ ____) | |____    Problem/Feedback: Discord: https://discord.gg/rQV5JPauY7
2026-05-29 03:23:35 [INFO]   \_____|_____/ \_____|
2026-05-29 03:23:35 [INFO]                        
2026-05-29 03:26:33 [INFO] CSC close completely, thanks for using!
2026-05-29 03:31:00 [INFO] CSC is loading...   Success！
2026-05-29 03:32:23 [INFO]    _____  _____  _____ 
2026-05-29 03:32:23 [INFO]   / ____|/ ____|/ ____|
2026-05-29 03:32:23 [INFO]  | |    | (___ | |        [CSC] Version: v1.21.26
2026-05-29 03:32:23 [INFO]  | |     \___ \| |        Minecraft Version: 1.21.1 neoforge
2026-05-29 03:32:23 [INFO]  | |____ ____) | |____    Problem/Feedback: Discord: https://discord.gg/rQV5JPauY7
2026-05-29 03:32:23 [INFO]   \_____|_____/ \_____|
2026-05-29 03:32:23 [INFO]                        
2026-05-29 03:35:27 [INFO] CSC close completely, thanks for using!
2026-05-29 03:36:33 [INFO] CSC is loading...   Success！
2026-05-29 03:38:03 [INFO]    _____  _____  _____ 
2026-05-29 03:38:03 [INFO]   / ____|/ ____|/ ____|
2026-05-29 03:38:03 [INFO]  | |    | (___ | |        [CSC] Version: v1.21.26
2026-05-29 03:38:03 [INFO]  | |     \___ \| |        Minecraft Version: 1.21.1 neoforge
2026-05-29 03:38:03 [INFO]  | |____ ____) | |____    Problem/Feedback: Discord: https://discord.gg/rQV5JPauY7
2026-05-29 03:38:03 [INFO]   \_____|_____/ \_____|
2026-05-29 03:38:03 [INFO]                        
2026-05-29 03:41:36 [INFO] CSC close completely, thanks for using!
2026-05-29 03:50:51 [INFO] CSC is loading...   Success！
2026-05-29 03:52:35 [INFO]    _____  _____  _____ 
2026-05-29 03:52:35 [INFO]   / ____|/ ____|/ ____|
2026-05-29 03:52:35 [INFO]  | |    | (___ | |        [CSC] Version: v1.21.26
2026-05-29 03:52:35 [INFO]  | |     \___ \| |        Minecraft Version: 1.21.1 neoforge
2026-05-29 03:52:35 [INFO]  | |____ ____) | |____    Problem/Feedback: Discord: https://discord.gg/rQV5JPauY7
2026-05-29 03:52:35 [INFO]   \_____|_____/ \_____|
2026-05-29 03:52:35 [INFO]                        
2026-05-29 03:53:20 [INFO] CSC close completely, thanks for using!
2026-05-29 13:09:36 [INFO] CSC is loading...   Success！
2026-05-29 13:11:20 [INFO]    _____  _____  _____ 
2026-05-29 13:11:20 [INFO]   / ____|/ ____|/ ____|
2026-05-29 13:11:20 [INFO]  | |    | (___ | |        [CSC] Version: v1.21.26
2026-05-29 13:11:20 [INFO]  | |     \___ \| |        Minecraft Version: 1.21.1 neoforge
2026-05-29 13:11:20 [INFO]  | |____ ____) | |____    Problem/Feedback: Discord: https://discord.gg/rQV5JPauY7
2026-05-29 13:11:20 [INFO]   \_____|_____/ \_____|
2026-05-29 13:11:20 [INFO]                        
2026-05-29 13:14:19 [INFO] CSC close completely, thanks for using!
2026-05-29 13:22:49 [INFO] CSC is loading...   Success！
2026-05-31 04:37:31 [INFO] CSC is loading...   Success！
2026-05-31 04:41:12 [INFO] CSC is loading...   Success！
2026-05-31 04:45:10 [INFO] CSC is loading...   Success！
2026-05-31 04:47:43 [INFO]    _____  _____  _____ 
2026-05-31 04:47:43 [INFO]   / ____|/ ____|/ ____|
2026-05-31 04:47:43 [INFO]  | |    | (___ | |        [CSC] Version: v1.21.26
2026-05-31 04:47:43 [INFO]  | |     \___ \| |        Minecraft Version: 1.21.1 neoforge
2026-05-31 04:47:43 [INFO]  | |____ ____) | |____    Problem/Feedback: Discord: https://discord.gg/rQV5JPauY7
2026-05-31 04:47:43 [INFO]   \_____|_____/ \_____|
2026-05-31 04:47:43 [INFO]                        
2026-05-31 10:31:41 [INFO] CSC close completely, thanks for using!
2026-05-31 10:45:40 [INFO] CSC is loading...   Success！
2026-05-31 10:47:07 [INFO]    _____  _____  _____ 
2026-05-31 10:47:07 [INFO]   / ____|/ ____|/ ____|
2026-05-31 10:47:07 [INFO]  | |    | (___ | |        [CSC] Version: v1.21.26
2026-05-31 10:47:07 [INFO]  | |     \___ \| |        Minecraft Version: 1.21.1 neoforge
2026-05-31 10:47:07 [INFO]  | |____ ____) | |____    Problem/Feedback: Discord: https://discord.gg/rQV5JPauY7
2026-05-31 10:47:07 [INFO]   \_____|_____/ \_____|
2026-05-31 10:47:07 [INFO]                        
2026-05-31 12:18:03 [INFO] CSC close completely, thanks for using!
2026-05-31 12:19:39 [INFO] CSC is loading...   Success！
2026-05-31 12:21:14 [INFO]    _____  _____  _____ 
2026-05-31 12:21:14 [INFO]   / ____|/ ____|/ ____|
2026-05-31 12:21:14 [INFO]  | |    | (___ | |        [CSC] Version: v1.21.26
2026-05-31 12:21:14 [INFO]  | |     \___ \| |        Minecraft Version: 1.21.1 neoforge
2026-05-31 12:21:14 [INFO]  | |____ ____) | |____    Problem/Feedback: Discord: https://discord.gg/rQV5JPauY7
2026-05-31 12:21:14 [INFO]   \_____|_____/ \_____|
2026-05-31 12:21:14 [INFO]                        
2026-05-31 12:38:14 [INFO] CSC close completely, thanks for using!
2026-05-31 12:40:20 [INFO] CSC is loading...   Success！
2026-05-31 14:16:20 [INFO]    _____  _____  _____ 
2026-05-31 14:16:20 [INFO]   / ____|/ ____|/ ____|
2026-05-31 14:16:20 [INFO]  | |    | (___ | |        [CSC] Version: v1.21.26
2026-05-31 14:16:20 [INFO]  | |     \___ \| |        Minecraft Version: 1.21.1 neoforge
2026-05-31 14:16:20 [INFO]  | |____ ____) | |____    Problem/Feedback: Discord: https://discord.gg/rQV5JPauY7
2026-05-31 14:16:20 [INFO]   \_____|_____/ \_____|
2026-05-31 14:16:20 [INFO]                        
2026-05-31 14:37:07 [INFO] CSC close completely, thanks for using!
2026-05-31 15:05:37 [INFO] CSC is loading...   Success！
2026-05-31 15:07:08 [INFO]    _____  _____  _____ 
2026-05-31 15:07:08 [INFO]   / ____|/ ____|/ ____|
2026-05-31 15:07:08 [INFO]  | |    | (___ | |        [CSC] Version: v1.21.26
2026-05-31 15:07:08 [INFO]  | |     \___ \| |        Minecraft Version: 1.21.1 neoforge
2026-05-31 15:07:08 [INFO]  | |____ ____) | |____    Problem/Feedback: Discord: https://discord.gg/rQV5JPauY7
2026-05-31 15:07:08 [INFO]   \_____|_____/ \_____|
2026-05-31 15:07:08 [INFO]                        
2026-05-31 15:08:35 [INFO] CSC close completely, thanks for using!
2026-05-31 15:09:00 [INFO]    _____  _____  _____ 
2026-05-31 15:09:00 [INFO]   / ____|/ ____|/ ____|
2026-05-31 15:09:00 [INFO]  | |    | (___ | |        [CSC] Version: v1.21.26
2026-05-31 15:09:00 [INFO]  | |     \___ \| |        Minecraft Version: 1.21.1 neoforge
2026-05-31 15:09:00 [INFO]  | |____ ____) | |____    Problem/Feedback: Discord: https://discord.gg/rQV5JPauY7
2026-05-31 15:09:00 [INFO]   \_____|_____/ \_____|
2026-05-31 15:09:00 [INFO]                        
2026-05-31 15:10:41 [INFO] CSC close completely, thanks for using!
2026-05-31 15:13:16 [INFO] CSC is loading...   Success！
2026-05-31 15:14:50 [INFO]    _____  _____  _____ 
2026-05-31 15:14:50 [INFO]   / ____|/ ____|/ ____|
2026-05-31 15:14:50 [INFO]  | |    | (___ | |        [CSC] Version: v1.21.26
2026-05-31 15:14:50 [INFO]  | |     \___ \| |        Minecraft Version: 1.21.1 neoforge
2026-05-31 15:14:50 [INFO]  | |____ ____) | |____    Problem/Feedback: Discord: https://discord.gg/rQV5JPauY7
2026-05-31 15:14:50 [INFO]   \_____|_____/ \_____|
2026-05-31 15:14:50 [INFO]                        
2026-05-31 15:18:13 [INFO] CSC close completely, thanks for using!
2026-05-31 19:04:34 [INFO] CSC is loading...   Success！
2026-05-31 19:06:12 [INFO]    _____  _____  _____ 
2026-05-31 19:06:12 [INFO]   / ____|/ ____|/ ____|
2026-05-31 19:06:12 [INFO]  | |    | (___ | |        [CSC] Version: v1.21.26
2026-05-31 19:06:12 [INFO]  | |     \___ \| |        Minecraft Version: 1.21.1 neoforge
2026-05-31 19:06:12 [INFO]  | |____ ____) | |____    Problem/Feedback: Discord: https://discord.gg/rQV5JPauY7
2026-05-31 19:06:12 [INFO]   \_____|_____/ \_____|
2026-05-31 19:06:12 [INFO]                        
2026-05-31 19:09:51 [INFO] CSC close completely, thanks for using!
2026-05-31 21:45:49 [INFO] CSC is loading...   Success！
2026-05-31 21:47:32 [INFO]    _____  _____  _____ 
2026-05-31 21:47:32 [INFO]   / ____|/ ____|/ ____|
2026-05-31 21:47:32 [INFO]  | |    | (___ | |        [CSC] Version: v1.21.26
2026-05-31 21:47:32 [INFO]  | |     \___ \| |        Minecraft Version: 1.21.1 neoforge
2026-05-31 21:47:32 [INFO]  | |____ ____) | |____    Problem/Feedback: Discord: https://discord.gg/rQV5JPauY7
2026-05-31 21:47:32 [INFO]   \_____|_____/ \_____|
2026-05-31 21:47:32 [INFO]                        
2026-05-31 23:01:10 [INFO] CSC close completely, thanks for using!
2026-05-31 23:02:32 [INFO] CSC is loading...   Success！
2026-05-31 23:04:01 [INFO]    _____  _____  _____ 
2026-05-31 23:04:01 [INFO]   / ____|/ ____|/ ____|
2026-05-31 23:04:01 [INFO]  | |    | (___ | |        [CSC] Version: v1.21.26
2026-05-31 23:04:01 [INFO]  | |     \___ \| |        Minecraft Version: 1.21.1 neoforge
2026-05-31 23:04:01 [INFO]  | |____ ____) | |____    Problem/Feedback: Discord: https://discord.gg/rQV5JPauY7
2026-05-31 23:04:01 [INFO]   \_____|_____/ \_____|
2026-05-31 23:04:01 [INFO]                        
2026-05-31 23:05:32 [INFO] CSC close completely, thanks for using!
2026-05-31 23:07:12 [INFO] CSC is loading...   Success！
2026-05-31 23:09:13 [INFO]    _____  _____  _____ 
2026-05-31 23:09:13 [INFO]   / ____|/ ____|/ ____|
2026-05-31 23:09:13 [INFO]  | |    | (___ | |        [CSC] Version: v1.21.26
2026-05-31 23:09:13 [INFO]  | |     \___ \| |        Minecraft Version: 1.21.1 neoforge
2026-05-31 23:09:13 [INFO]  | |____ ____) | |____    Problem/Feedback: Discord: https://discord.gg/rQV5JPauY7
2026-05-31 23:09:13 [INFO]   \_____|_____/ \_____|
2026-05-31 23:09:13 [INFO]                        
2026-05-31 23:09:50 [INFO] CSC close completely, thanks for using!
2026-05-31 23:14:39 [INFO] CSC is loading...   Success！
2026-05-31 23:17:01 [INFO] CSC is loading...   Success！
2026-05-31 23:18:36 [INFO]    _____  _____  _____ 
2026-05-31 23:18:36 [INFO]   / ____|/ ____|/ ____|
2026-05-31 23:18:36 [INFO]  | |    | (___ | |        [CSC] Version: v1.21.26
2026-05-31 23:18:36 [INFO]  | |     \___ \| |        Minecraft Version: 1.21.1 neoforge
2026-05-31 23:18:36 [INFO]  | |____ ____) | |____    Problem/Feedback: Discord: https://discord.gg/rQV5JPauY7
2026-05-31 23:18:36 [INFO]   \_____|_____/ \_____|
2026-05-31 23:18:36 [INFO]                        
2026-05-31 23:20:08 [INFO] CSC close completely, thanks for using!
2026-05-31 23:31:21 [INFO] CSC is loading...   Success！
2026-05-31 23:32:46 [INFO]    _____  _____  _____ 
2026-05-31 23:32:46 [INFO]   / ____|/ ____|/ ____|
2026-05-31 23:32:46 [INFO]  | |    | (___ | |        [CSC] Version: v1.21.26
2026-05-31 23:32:46 [INFO]  | |     \___ \| |        Minecraft Version: 1.21.1 neoforge
2026-05-31 23:32:46 [INFO]  | |____ ____) | |____    Problem/Feedback: Discord: https://discord.gg/rQV5JPauY7
2026-05-31 23:32:46 [INFO]   \_____|_____/ \_____|
2026-05-31 23:32:46 [INFO]                        
2026-06-01 00:33:22 [INFO] CSC close completely, thanks for using!
2026-06-01 00:35:18 [INFO] CSC is loading...   Success！
2026-06-01 00:37:19 [INFO] CSC is loading...   Success！
2026-06-01 00:38:37 [INFO]    _____  _____  _____ 
2026-06-01 00:38:37 [INFO]   / ____|/ ____|/ ____|
2026-06-01 00:38:37 [INFO]  | |    | (___ | |        [CSC] Version: v1.21.26
2026-06-01 00:38:37 [INFO]  | |     \___ \| |        Minecraft Version: 1.21.1 neoforge
2026-06-01 00:38:37 [INFO]  | |____ ____) | |____    Problem/Feedback: Discord: https://discord.gg/rQV5JPauY7
2026-06-01 00:38:37 [INFO]   \_____|_____/ \_____|
2026-06-01 00:38:37 [INFO]                        
2026-06-01 00:49:45 [INFO] CSC close completely, thanks for using!
2026-06-01 01:18:50 [INFO] CSC is loading...   Success！
2026-06-01 01:20:10 [INFO]    _____  _____  _____ 
2026-06-01 01:20:10 [INFO]   / ____|/ ____|/ ____|
2026-06-01 01:20:10 [INFO]  | |    | (___ | |        [CSC] Version: v1.21.26
2026-06-01 01:20:10 [INFO]  | |     \___ \| |        Minecraft Version: 1.21.1 neoforge
2026-06-01 01:20:10 [INFO]  | |____ ____) | |____    Problem/Feedback: Discord: https://discord.gg/rQV5JPauY7
2026-06-01 01:20:10 [INFO]   \_____|_____/ \_____|
2026-06-01 01:20:10 [INFO]                        
2026-06-01 01:21:30 [INFO] CSC close completely, thanks for using!
2026-06-01 01:23:46 [INFO] CSC is loading...   Success！
2026-06-01 01:25:16 [INFO]    _____  _____  _____ 
2026-06-01 01:25:16 [INFO]   / ____|/ ____|/ ____|
2026-06-01 01:25:16 [INFO]  | |    | (___ | |        [CSC] Version: v1.21.26
2026-06-01 01:25:16 [INFO]  | |     \___ \| |        Minecraft Version: 1.21.1 neoforge
2026-06-01 01:25:16 [INFO]  | |____ ____) | |____    Problem/Feedback: Discord: https://discord.gg/rQV5JPauY7
2026-06-01 01:25:16 [INFO]   \_____|_____/ \_____|
2026-06-01 01:25:16 [INFO]                        
2026-06-01 01:35:24 [INFO] CSC close completely, thanks for using!
2026-06-01 01:36:48 [INFO] CSC is loading...   Success！
2026-06-01 01:38:13 [INFO]    _____  _____  _____ 
2026-06-01 01:38:13 [INFO]   / ____|/ ____|/ ____|
2026-06-01 01:38:13 [INFO]  | |    | (___ | |        [CSC] Version: v1.21.26
2026-06-01 01:38:13 [INFO]  | |     \___ \| |        Minecraft Version: 1.21.1 neoforge
2026-06-01 01:38:13 [INFO]  | |____ ____) | |____    Problem/Feedback: Discord: https://discord.gg/rQV5JPauY7
2026-06-01 01:38:13 [INFO]   \_____|_____/ \_____|
2026-06-01 01:38:13 [INFO]                        
2026-06-01 01:39:45 [INFO] CSC close completely, thanks for using!
2026-06-01 01:43:44 [INFO] CSC is loading...   Success！
2026-06-01 01:45:07 [INFO]    _____  _____  _____ 
2026-06-01 01:45:07 [INFO]   / ____|/ ____|/ ____|
2026-06-01 01:45:07 [INFO]  | |    | (___ | |        [CSC] Version: v1.21.26
2026-06-01 01:45:07 [INFO]  | |     \___ \| |        Minecraft Version: 1.21.1 neoforge
2026-06-01 01:45:07 [INFO]  | |____ ____) | |____    Problem/Feedback: Discord: https://discord.gg/rQV5JPauY7
2026-06-01 01:45:07 [INFO]   \_____|_____/ \_____|
2026-06-01 01:45:07 [INFO]                        
2026-06-01 01:47:02 [INFO] CSC close completely, thanks for using!
2026-06-01 01:52:20 [INFO] CSC is loading...   Success！
2026-06-01 01:53:09 [INFO]    _____  _____  _____ 
2026-06-01 01:53:09 [INFO]   / ____|/ ____|/ ____|
2026-06-01 01:53:09 [INFO]  | |    | (___ | |        [CSC] Version: v1.21.26
2026-06-01 01:53:09 [INFO]  | |     \___ \| |        Minecraft Version: 1.21.1 neoforge
2026-06-01 01:53:09 [INFO]  | |____ ____) | |____    Problem/Feedback: Discord: https://discord.gg/rQV5JPauY7
2026-06-01 01:53:09 [INFO]   \_____|_____/ \_____|
2026-06-01 01:53:09 [INFO]                        
2026-06-01 02:23:48 [INFO] CSC close completely, thanks for using!
2026-06-01 02:25:26 [INFO] CSC is loading...   Success！
2026-06-01 02:26:59 [INFO]    _____  _____  _____ 
2026-06-01 02:26:59 [INFO]   / ____|/ ____|/ ____|
2026-06-01 02:26:59 [INFO]  | |    | (___ | |        [CSC] Version: v1.21.26
2026-06-01 02:26:59 [INFO]  | |     \___ \| |        Minecraft Version: 1.21.1 neoforge
2026-06-01 02:26:59 [INFO]  | |____ ____) | |____    Problem/Feedback: Discord: https://discord.gg/rQV5JPauY7
2026-06-01 02:26:59 [INFO]   \_____|_____/ \_____|
2026-06-01 02:26:59 [INFO]                        
2026-06-01 02:28:25 [INFO] CSC close completely, thanks for using!
2026-06-01 02:29:48 [INFO] CSC is loading...   Success！
2026-06-01 02:31:49 [INFO]    _____  _____  _____ 
2026-06-01 02:31:49 [INFO]   / ____|/ ____|/ ____|
2026-06-01 02:31:49 [INFO]  | |    | (___ | |        [CSC] Version: v1.21.26
2026-06-01 02:31:49 [INFO]  | |     \___ \| |        Minecraft Version: 1.21.1 neoforge
2026-06-01 02:31:49 [INFO]  | |____ ____) | |____    Problem/Feedback: Discord: https://discord.gg/rQV5JPauY7
2026-06-01 02:31:49 [INFO]   \_____|_____/ \_____|
2026-06-01 02:31:49 [INFO]                        
2026-06-01 02:53:32 [INFO] CSC close completely, thanks for using!
2026-06-01 12:41:14 [INFO] CSC is loading...   Success！
2026-06-01 12:42:29 [INFO]    _____  _____  _____ 
2026-06-01 12:42:29 [INFO]   / ____|/ ____|/ ____|
2026-06-01 12:42:29 [INFO]  | |    | (___ | |        [CSC] Version: v1.21.26
2026-06-01 12:42:29 [INFO]  | |     \___ \| |        Minecraft Version: 1.21.1 neoforge
2026-06-01 12:42:29 [INFO]  | |____ ____) | |____    Problem/Feedback: Discord: https://discord.gg/rQV5JPauY7
2026-06-01 12:42:29 [INFO]   \_____|_____/ \_____|
2026-06-01 12:42:29 [INFO]                        
2026-06-01 13:46:06 [INFO] thread run！goal =》./schematics/uploaded/xiao_su_ban/钛产线.nbt
2026-06-01 13:46:07 [INFO] Meow, output schematic item list!
2026-06-01 13:46:07 [INFO] ID: create:framed_glass_trapdoor, Count: 6
2026-06-01 13:46:07 [INFO] ID: create:basin, Count: 3
2026-06-01 13:46:07 [INFO] ID: create:spout, Count: 4
2026-06-01 13:46:07 [INFO] ID: create:mechanical_pump, Count: 7
2026-06-01 13:46:07 [INFO] ID: create:brass_belt_funnel, Count: 3
2026-06-01 13:46:07 [INFO] ID: create_connected:encased_chain_cogwheel, Count: 6
2026-06-01 13:46:07 [INFO] ID: minecraft:sign, Count: 4
2026-06-01 13:46:07 [INFO] ID: create:belt, Count: 9
2026-06-01 13:46:07 [INFO] ID: create:mechanical_mixer, Count: 2
2026-06-01 13:46:07 [INFO] ID: minecraft:cobblestone, Count: 52
2026-06-01 13:46:07 [INFO] ID: create:encased_fluid_pipe, Count: 6
2026-06-01 13:46:07 [INFO] ID: create:gearbox, Count: 5
2026-06-01 13:46:07 [INFO] ID: create:blaze_heater, Count: 1
2026-06-01 13:46:07 [INFO] ID: createaddition:liquid_blaze_burner, Count: 1
2026-06-01 13:46:07 [INFO] ID: create:encased_shaft, Count: 2
2026-06-01 13:46:07 [INFO] ID: minecraft:hopper, Count: 1
2026-06-01 13:46:07 [INFO] ID: minecraft:air, Count: 2
2026-06-01 13:46:07 [INFO] ID: minecraft:chest, Count: 9
2026-06-01 13:46:07 [INFO] ID: create:brass_funnel, Count: 2
2026-06-01 13:46:07 [INFO] ID: fluid:copper_sink, Count: 2
2026-06-01 13:46:07 [INFO] ID: create:encased_cogwheel, Count: 14
2026-06-01 13:46:07 [INFO] ID: create:mechanical_press, Count: 3
2026-06-01 13:46:07 [INFO] ID: create:simple_kinetic, Count: 1
2026-06-01 13:46:07 [INFO] bibi~ scan success time consume：137 ms
2026-06-01 13:57:37 [INFO] CSC close completely, thanks for using!
2026-06-01 14:34:58 [INFO]    _____  _____  _____ 
2026-06-01 14:34:58 [INFO]   / ____|/ ____|/ ____|
2026-06-01 14:34:58 [INFO]  | |    | (___ | |        [CSC] Version: v1.21.26
2026-06-01 14:34:58 [INFO]  | |     \___ \| |        Minecraft Version: 1.21.1 neoforge
2026-06-01 14:34:58 [INFO]  | |____ ____) | |____    Problem/Feedback: Discord: https://discord.gg/rQV5JPauY7
2026-06-01 14:34:58 [INFO]   \_____|_____/ \_____|
2026-06-01 14:34:58 [INFO]                        
2026-06-01 14:56:34 [INFO] CSC close completely, thanks for using!
2026-06-01 15:11:45 [INFO] CSC is loading...   Success！
2026-06-01 15:16:07 [INFO] CSC is loading...   Success！
2026-06-01 15:26:57 [INFO] CSC is loading...   Success！
2026-06-01 15:29:33 [INFO] CSC is loading...   Success！
2026-06-01 15:31:02 [INFO]    _____  _____  _____ 
2026-06-01 15:31:02 [INFO]   / ____|/ ____|/ ____|
2026-06-01 15:31:02 [INFO]  | |    | (___ | |        [CSC] Version: v1.21.26
2026-06-01 15:31:02 [INFO]  | |     \___ \| |        Minecraft Version: 1.21.1 neoforge
2026-06-01 15:31:02 [INFO]  | |____ ____) | |____    Problem/Feedback: Discord: https://discord.gg/rQV5JPauY7
2026-06-01 15:31:02 [INFO]   \_____|_____/ \_____|
2026-06-01 15:31:02 [INFO]                        
2026-06-01 16:51:06 [INFO] CSC close completely, thanks for using!
2026-06-01 16:54:03 [INFO] CSC is loading...   Success！
2026-06-01 16:56:58 [INFO] CSC is loading...   Success！
2026-06-01 16:58:21 [INFO]    _____  _____  _____ 
2026-06-01 16:58:21 [INFO]   / ____|/ ____|/ ____|
2026-06-01 16:58:21 [INFO]  | |    | (___ | |        [CSC] Version: v1.21.26
2026-06-01 16:58:21 [INFO]  | |     \___ \| |        Minecraft Version: 1.21.1 neoforge
2026-06-01 16:58:21 [INFO]  | |____ ____) | |____    Problem/Feedback: Discord: https://discord.gg/rQV5JPauY7
2026-06-01 16:58:21 [INFO]   \_____|_____/ \_____|
2026-06-01 16:58:21 [INFO]                        
2026-06-01 17:16:33 [INFO] CSC close completely, thanks for using!
2026-06-01 17:38:14 [INFO] CSC is loading...   Success！
2026-06-01 18:01:56 [INFO] CSC is loading...   Success！
2026-06-01 18:04:08 [INFO] CSC is loading...   Success！
2026-06-01 18:06:54 [INFO] CSC is loading...   Success！
2026-06-01 18:46:25 [INFO] CSC is loading...   Success！
2026-06-01 18:48:00 [INFO]    _____  _____  _____ 
2026-06-01 18:48:00 [INFO]   / ____|/ ____|/ ____|
2026-06-01 18:48:00 [INFO]  | |    | (___ | |        [CSC] Version: v1.21.26
2026-06-01 18:48:00 [INFO]  | |     \___ \| |        Minecraft Version: 1.21.1 neoforge
2026-06-01 18:48:00 [INFO]  | |____ ____) | |____    Problem/Feedback: Discord: https://discord.gg/rQV5JPauY7
2026-06-01 18:48:00 [INFO]   \_____|_____/ \_____|
2026-06-01 18:48:00 [INFO]                        
2026-06-01 18:48:40 [INFO] CSC close completely, thanks for using!
2026-06-05 11:19:49 [INFO] CSC is loading...   Success！
2026-06-05 11:31:21 [INFO] CSC is loading...   Success！
2026-06-05 13:31:53 [INFO] CSC is loading...   Success！
2026-06-05 21:14:27 [INFO] CSC is loading...   Success！
2026-06-05 21:45:34 [INFO]    _____  _____  _____ 
2026-06-05 21:45:35 [INFO]   / ____|/ ____|/ ____|
2026-06-05 21:45:35 [INFO]  | |    | (___ | |        [CSC] Version: v1.21.26
2026-06-05 21:45:35 [INFO]  | |     \___ \| |        Minecraft Version: 1.21.1 neoforge
2026-06-05 21:45:35 [INFO]  | |____ ____) | |____    Problem/Feedback: Discord: https://discord.gg/rQV5JPauY7
2026-06-05 21:45:35 [INFO]   \_____|_____/ \_____|
2026-06-05 21:45:35 [INFO]                        
2026-06-05 22:01:44 [INFO] CSC close completely, thanks for using!
2026-06-06 14:56:41 [INFO] CSC is loading...   Success！
2026-06-06 14:57:01 [INFO] CSC is loading...   Success！
2026-06-06 15:04:51 [INFO] CSC is loading...   Success！
2026-06-06 15:05:47 [INFO]    _____  _____  _____ 
2026-06-06 15:05:47 [INFO]   / ____|/ ____|/ ____|
2026-06-06 15:05:47 [INFO]  | |    | (___ | |        [CSC] Version: v1.21.26
2026-06-06 15:05:47 [INFO]  | |     \___ \| |        Minecraft Version: 1.21.1 neoforge
2026-06-06 15:05:47 [INFO]  | |____ ____) | |____    Problem/Feedback: Discord: https://discord.gg/rQV5JPauY7
2026-06-06 15:05:47 [INFO]   \_____|_____/ \_____|
2026-06-06 15:05:47 [INFO]                        
2026-06-06 15:41:59 [INFO] CSC close completely, thanks for using!
2026-06-06 16:11:39 [INFO] CSC is loading...   Success！
2026-06-06 16:13:07 [INFO]    _____  _____  _____ 
2026-06-06 16:13:07 [INFO]   / ____|/ ____|/ ____|
2026-06-06 16:13:07 [INFO]  | |    | (___ | |        [CSC] Version: v1.21.26
2026-06-06 16:13:07 [INFO]  | |     \___ \| |        Minecraft Version: 1.21.1 neoforge
2026-06-06 16:13:07 [INFO]  | |____ ____) | |____    Problem/Feedback: Discord: https://discord.gg/rQV5JPauY7
2026-06-06 16:13:07 [INFO]   \_____|_____/ \_____|
2026-06-06 16:13:07 [INFO]                        
2026-06-06 17:26:39 [INFO] CSC close completely, thanks for using!
2026-06-06 17:59:21 [INFO] CSC is loading...   Success！
2026-06-06 18:17:27 [INFO]    _____  _____  _____ 
2026-06-06 18:17:27 [INFO]   / ____|/ ____|/ ____|
2026-06-06 18:17:27 [INFO]  | |    | (___ | |        [CSC] Version: v1.21.26
2026-06-06 18:17:27 [INFO]  | |     \___ \| |        Minecraft Version: 1.21.1 neoforge
2026-06-06 18:17:27 [INFO]  | |____ ____) | |____    Problem/Feedback: Discord: https://discord.gg/rQV5JPauY7
2026-06-06 18:17:27 [INFO]   \_____|_____/ \_____|
2026-06-06 18:17:27 [INFO]                        
2026-06-06 18:18:05 [INFO] CSC close completely, thanks for using!
2026-06-06 18:50:28 [INFO] CSC is loading...   Success！
2026-06-07 14:22:03 [INFO] CSC is loading...   Success！
2026-06-07 14:23:51 [INFO] CSC is loading...   Success！
2026-06-07 18:53:21 [INFO] CSC is loading...   Success！
2026-06-07 18:56:40 [INFO]    _____  _____  _____ 
2026-06-07 18:56:40 [INFO]   / ____|/ ____|/ ____|
2026-06-07 18:56:40 [INFO]  | |    | (___ | |        [CSC] Version: v1.21.26
2026-06-07 18:56:40 [INFO]  | |     \___ \| |        Minecraft Version: 1.21.1 neoforge
2026-06-07 18:56:40 [INFO]  | |____ ____) | |____    Problem/Feedback: Discord: https://discord.gg/rQV5JPauY7
2026-06-07 18:56:40 [INFO]   \_____|_____/ \_____|
2026-06-07 18:56:40 [INFO]                        
2026-06-07 19:12:11 [INFO] CSC close completely, thanks for using!
2026-06-08 01:15:14 [INFO] CSC is loading...   Success！
2026-06-08 08:00:48 [INFO] CSC is loading...   Success！
2026-06-08 08:02:04 [INFO]    _____  _____  _____ 
2026-06-08 08:02:04 [INFO]   / ____|/ ____|/ ____|
2026-06-08 08:02:04 [INFO]  | |    | (___ | |        [CSC] Version: v1.21.26
2026-06-08 08:02:04 [INFO]  | |     \___ \| |        Minecraft Version: 1.21.1 neoforge
2026-06-08 08:02:04 [INFO]  | |____ ____) | |____    Problem/Feedback: Discord: https://discord.gg/rQV5JPauY7
2026-06-08 08:02:04 [INFO]   \_____|_____/ \_____|
2026-06-08 08:02:04 [INFO]                        
2026-06-08 15:26:49 [INFO] CSC close completely, thanks for using!
2026-06-09 00:05:42 [INFO] CSC is loading...   Success！
2026-06-09 00:06:54 [INFO]    _____  _____  _____ 
2026-06-09 00:06:54 [INFO]   / ____|/ ____|/ ____|
2026-06-09 00:06:54 [INFO]  | |    | (___ | |        [CSC] Version: v1.21.26
2026-06-09 00:06:54 [INFO]  | |     \___ \| |        Minecraft Version: 1.21.1 neoforge
2026-06-09 00:06:54 [INFO]  | |____ ____) | |____    Problem/Feedback: Discord: https://discord.gg/rQV5JPauY7
2026-06-09 00:06:54 [INFO]   \_____|_____/ \_____|
2026-06-09 00:06:54 [INFO]                        
2026-06-09 00:22:34 [INFO] CSC is loading...   Success！
2026-06-09 00:23:46 [INFO]    _____  _____  _____ 
2026-06-09 00:23:46 [INFO]   / ____|/ ____|/ ____|
2026-06-09 00:23:46 [INFO]  | |    | (___ | |        [CSC] Version: v1.21.26
2026-06-09 00:23:46 [INFO]  | |     \___ \| |        Minecraft Version: 1.21.1 neoforge
2026-06-09 00:23:46 [INFO]  | |____ ____) | |____    Problem/Feedback: Discord: https://discord.gg/rQV5JPauY7
2026-06-09 00:23:46 [INFO]   \_____|_____/ \_____|
2026-06-09 00:23:46 [INFO]                        
2026-06-09 00:34:10 [INFO] CSC close completely, thanks for using!
2026-06-09 00:55:42 [INFO] CSC is loading...   Success！
2026-06-09 00:58:33 [INFO]    _____  _____  _____ 
2026-06-09 00:58:33 [INFO]   / ____|/ ____|/ ____|
2026-06-09 00:58:33 [INFO]  | |    | (___ | |        [CSC] Version: v1.21.26
2026-06-09 00:58:33 [INFO]  | |     \___ \| |        Minecraft Version: 1.21.1 neoforge
2026-06-09 00:58:33 [INFO]  | |____ ____) | |____    Problem/Feedback: Discord: https://discord.gg/rQV5JPauY7
2026-06-09 00:58:33 [INFO]   \_____|_____/ \_____|
2026-06-09 00:58:33 [INFO]                        
2026-06-09 01:01:09 [INFO] CSC close completely, thanks for using!
2026-06-09 05:15:55 [INFO] CSC is loading...   Success！
2026-06-09 05:17:13 [INFO]    _____  _____  _____ 
2026-06-09 05:17:13 [INFO]   / ____|/ ____|/ ____|
2026-06-09 05:17:13 [INFO]  | |    | (___ | |        [CSC] Version: v1.21.26
2026-06-09 05:17:13 [INFO]  | |     \___ \| |        Minecraft Version: 1.21.1 neoforge
2026-06-09 05:17:13 [INFO]  | |____ ____) | |____    Problem/Feedback: Discord: https://discord.gg/rQV5JPauY7
2026-06-09 05:17:13 [INFO]   \_____|_____/ \_____|
2026-06-09 05:17:13 [INFO]                        
2026-06-09 05:23:11 [INFO] CSC close completely, thanks for using!
2026-06-13 21:30:26 [INFO] CSC is loading...   Success！
2026-06-13 21:31:38 [INFO]    _____  _____  _____ 
2026-06-13 21:31:38 [INFO]   / ____|/ ____|/ ____|
2026-06-13 21:31:38 [INFO]  | |    | (___ | |        [CSC] Version: v1.21.26
2026-06-13 21:31:38 [INFO]  | |     \___ \| |        Minecraft Version: 1.21.1 neoforge
2026-06-13 21:31:38 [INFO]  | |____ ____) | |____    Problem/Feedback: Discord: https://discord.gg/rQV5JPauY7
2026-06-13 21:31:38 [INFO]   \_____|_____/ \_____|
2026-06-13 21:31:38 [INFO]                        
2026-06-13 21:33:20 [INFO] CSC close completely, thanks for using!
2026-06-13 21:39:02 [INFO] CSC is loading...   Success！
2026-06-13 21:40:55 [INFO] CSC is loading...   Success！
2026-06-13 21:42:09 [INFO]    _____  _____  _____ 
2026-06-13 21:42:09 [INFO]   / ____|/ ____|/ ____|
2026-06-13 21:42:09 [INFO]  | |    | (___ | |        [CSC] Version: v1.21.26
2026-06-13 21:42:09 [INFO]  | |     \___ \| |        Minecraft Version: 1.21.1 neoforge
2026-06-13 21:42:09 [INFO]  | |____ ____) | |____    Problem/Feedback: Discord: https://discord.gg/rQV5JPauY7
2026-06-13 21:42:09 [INFO]   \_____|_____/ \_____|
2026-06-13 21:42:09 [INFO]                        
2026-06-13 21:44:42 [INFO] CSC close completely, thanks for using!
2026-06-13 22:05:54 [INFO] CSC is loading...   Success！
2026-06-13 22:08:02 [INFO] CSC is loading...   Success！
2026-06-13 22:09:25 [INFO]    _____  _____  _____ 
2026-06-13 22:09:25 [INFO]   / ____|/ ____|/ ____|
2026-06-13 22:09:25 [INFO]  | |    | (___ | |        [CSC] Version: v1.21.26
2026-06-13 22:09:25 [INFO]  | |     \___ \| |        Minecraft Version: 1.21.1 neoforge
2026-06-13 22:09:25 [INFO]  | |____ ____) | |____    Problem/Feedback: Discord: https://discord.gg/rQV5JPauY7
2026-06-13 22:09:25 [INFO]   \_____|_____/ \_____|
2026-06-13 22:09:25 [INFO]                        
2026-06-13 22:19:33 [INFO] CSC close completely, thanks for using!
2026-06-13 22:20:47 [INFO] CSC is loading...   Success！
2026-06-13 22:22:16 [INFO]    _____  _____  _____ 
2026-06-13 22:22:16 [INFO]   / ____|/ ____|/ ____|
2026-06-13 22:22:16 [INFO]  | |    | (___ | |        [CSC] Version: v1.21.26
2026-06-13 22:22:16 [INFO]  | |     \___ \| |        Minecraft Version: 1.21.1 neoforge
2026-06-13 22:22:16 [INFO]  | |____ ____) | |____    Problem/Feedback: Discord: https://discord.gg/rQV5JPauY7
2026-06-13 22:22:16 [INFO]   \_____|_____/ \_____|
2026-06-13 22:22:16 [INFO]                        
2026-06-13 22:24:09 [INFO] CSC close completely, thanks for using!
2026-06-13 22:27:30 [INFO] CSC is loading...   Success！
2026-06-13 22:28:46 [INFO]    _____  _____  _____ 
2026-06-13 22:28:46 [INFO]   / ____|/ ____|/ ____|
2026-06-13 22:28:46 [INFO]  | |    | (___ | |        [CSC] Version: v1.21.26
2026-06-13 22:28:46 [INFO]  | |     \___ \| |        Minecraft Version: 1.21.1 neoforge
2026-06-13 22:28:46 [INFO]  | |____ ____) | |____    Problem/Feedback: Discord: https://discord.gg/rQV5JPauY7
2026-06-13 22:28:46 [INFO]   \_____|_____/ \_____|
2026-06-13 22:28:46 [INFO]                        
2026-06-13 22:31:57 [INFO] CSC close completely, thanks for using!
2026-06-13 22:48:14 [INFO] CSC is loading...   Success！
2026-06-13 22:52:16 [INFO] CSC is loading...   Success！
2026-06-13 23:01:23 [INFO] CSC is loading...   Success！
2026-06-13 23:02:38 [INFO]    _____  _____  _____ 
2026-06-13 23:02:38 [INFO]   / ____|/ ____|/ ____|
2026-06-13 23:02:38 [INFO]  | |    | (___ | |        [CSC] Version: v1.21.26
2026-06-13 23:02:38 [INFO]  | |     \___ \| |        Minecraft Version: 1.21.1 neoforge
2026-06-13 23:02:38 [INFO]  | |____ ____) | |____    Problem/Feedback: Discord: https://discord.gg/rQV5JPauY7
2026-06-13 23:02:38 [INFO]   \_____|_____/ \_____|
2026-06-13 23:02:38 [INFO]                        
2026-06-13 23:04:40 [INFO] CSC close completely, thanks for using!
2026-06-13 23:10:07 [INFO] CSC is loading...   Success！
2026-06-13 23:11:54 [INFO] CSC is loading...   Success！
2026-06-13 23:13:08 [INFO]    _____  _____  _____ 
2026-06-13 23:13:08 [INFO]   / ____|/ ____|/ ____|
2026-06-13 23:13:08 [INFO]  | |    | (___ | |        [CSC] Version: v1.21.26
2026-06-13 23:13:08 [INFO]  | |     \___ \| |        Minecraft Version: 1.21.1 neoforge
2026-06-13 23:13:08 [INFO]  | |____ ____) | |____    Problem/Feedback: Discord: https://discord.gg/rQV5JPauY7
2026-06-13 23:13:08 [INFO]   \_____|_____/ \_____|
2026-06-13 23:13:08 [INFO]                        
2026-06-13 23:14:39 [INFO] CSC close completely, thanks for using!
2026-06-13 23:19:22 [INFO] CSC is loading...   Success！
2026-06-13 23:20:36 [INFO]    _____  _____  _____ 
2026-06-13 23:20:36 [INFO]   / ____|/ ____|/ ____|
2026-06-13 23:20:36 [INFO]  | |    | (___ | |        [CSC] Version: v1.21.26
2026-06-13 23:20:36 [INFO]  | |     \___ \| |        Minecraft Version: 1.21.1 neoforge
2026-06-13 23:20:36 [INFO]  | |____ ____) | |____    Problem/Feedback: Discord: https://discord.gg/rQV5JPauY7
2026-06-13 23:20:36 [INFO]   \_____|_____/ \_____|
2026-06-13 23:20:36 [INFO]                        
2026-06-13 23:21:58 [INFO] CSC close completely, thanks for using!
2026-06-13 23:25:14 [INFO] CSC is loading...   Success！
2026-06-13 23:29:12 [INFO] CSC is loading...   Success！
2026-06-13 23:30:45 [INFO]    _____  _____  _____ 
2026-06-13 23:30:45 [INFO]   / ____|/ ____|/ ____|
2026-06-13 23:30:45 [INFO]  | |    | (___ | |        [CSC] Version: v1.21.26
2026-06-13 23:30:45 [INFO]  | |     \___ \| |        Minecraft Version: 1.21.1 neoforge
2026-06-13 23:30:45 [INFO]  | |____ ____) | |____    Problem/Feedback: Discord: https://discord.gg/rQV5JPauY7
2026-06-13 23:30:45 [INFO]   \_____|_____/ \_____|
2026-06-13 23:30:45 [INFO]                        
2026-06-13 23:31:26 [INFO] CSC close completely, thanks for using!
2026-06-13 23:34:21 [INFO] CSC is loading...   Success！
2026-06-13 23:35:37 [INFO]    _____  _____  _____ 
2026-06-13 23:35:37 [INFO]   / ____|/ ____|/ ____|
2026-06-13 23:35:37 [INFO]  | |    | (___ | |        [CSC] Version: v1.21.26
2026-06-13 23:35:37 [INFO]  | |     \___ \| |        Minecraft Version: 1.21.1 neoforge
2026-06-13 23:35:37 [INFO]  | |____ ____) | |____    Problem/Feedback: Discord: https://discord.gg/rQV5JPauY7
2026-06-13 23:35:37 [INFO]   \_____|_____/ \_____|
2026-06-13 23:35:37 [INFO]                        
2026-06-13 23:37:11 [INFO] CSC close completely, thanks for using!
2026-06-13 23:45:25 [INFO] CSC is loading...   Success！
2026-06-13 23:47:29 [INFO] CSC is loading...   Success！
2026-06-13 23:48:43 [INFO]    _____  _____  _____ 
2026-06-13 23:48:43 [INFO]   / ____|/ ____|/ ____|
2026-06-13 23:48:43 [INFO]  | |    | (___ | |        [CSC] Version: v1.21.26
2026-06-13 23:48:43 [INFO]  | |     \___ \| |        Minecraft Version: 1.21.1 neoforge
2026-06-13 23:48:43 [INFO]  | |____ ____) | |____    Problem/Feedback: Discord: https://discord.gg/rQV5JPauY7
2026-06-13 23:48:43 [INFO]   \_____|_____/ \_____|
2026-06-13 23:48:43 [INFO]                        
2026-06-13 23:50:32 [INFO] CSC close completely, thanks for using!
2026-06-13 23:54:03 [INFO] CSC is loading...   Success！
2026-06-13 23:55:18 [INFO]    _____  _____  _____ 
2026-06-13 23:55:18 [INFO]   / ____|/ ____|/ ____|
2026-06-13 23:55:18 [INFO]  | |    | (___ | |        [CSC] Version: v1.21.26
2026-06-13 23:55:18 [INFO]  | |     \___ \| |        Minecraft Version: 1.21.1 neoforge
2026-06-13 23:55:18 [INFO]  | |____ ____) | |____    Problem/Feedback: Discord: https://discord.gg/rQV5JPauY7
2026-06-13 23:55:18 [INFO]   \_____|_____/ \_____|
2026-06-13 23:55:18 [INFO]                        
2026-06-13 23:56:04 [INFO] CSC close completely, thanks for using!
2026-06-13 23:59:35 [INFO] CSC is loading...   Success！
2026-06-14 00:00:52 [INFO]    _____  _____  _____ 
2026-06-14 00:00:52 [INFO]   / ____|/ ____|/ ____|
2026-06-14 00:00:52 [INFO]  | |    | (___ | |        [CSC] Version: v1.21.26
2026-06-14 00:00:52 [INFO]  | |     \___ \| |        Minecraft Version: 1.21.1 neoforge
2026-06-14 00:00:52 [INFO]  | |____ ____) | |____    Problem/Feedback: Discord: https://discord.gg/rQV5JPauY7
2026-06-14 00:00:52 [INFO]   \_____|_____/ \_____|
2026-06-14 00:00:52 [INFO]                        
2026-06-14 00:01:44 [INFO] CSC close completely, thanks for using!
2026-06-14 00:08:16 [INFO] CSC is loading...   Success！
2026-06-14 00:11:32 [INFO] CSC is loading...   Success！
2026-06-14 00:12:52 [INFO]    _____  _____  _____ 
2026-06-14 00:12:52 [INFO]   / ____|/ ____|/ ____|
2026-06-14 00:12:52 [INFO]  | |    | (___ | |        [CSC] Version: v1.21.26
2026-06-14 00:12:52 [INFO]  | |     \___ \| |        Minecraft Version: 1.21.1 neoforge
2026-06-14 00:12:52 [INFO]  | |____ ____) | |____    Problem/Feedback: Discord: https://discord.gg/rQV5JPauY7
2026-06-14 00:12:52 [INFO]   \_____|_____/ \_____|
2026-06-14 00:12:52 [INFO]                        
2026-06-14 00:13:37 [INFO] CSC close completely, thanks for using!
2026-06-14 00:17:09 [INFO] CSC is loading...   Success！
2026-06-14 00:19:01 [INFO] CSC is loading...   Success！
2026-06-14 00:20:58 [INFO] CSC is loading...   Success！
2026-06-14 00:22:17 [INFO]    _____  _____  _____ 
2026-06-14 00:22:17 [INFO]   / ____|/ ____|/ ____|
2026-06-14 00:22:17 [INFO]  | |    | (___ | |        [CSC] Version: v1.21.26
2026-06-14 00:22:17 [INFO]  | |     \___ \| |        Minecraft Version: 1.21.1 neoforge
2026-06-14 00:22:17 [INFO]  | |____ ____) | |____    Problem/Feedback: Discord: https://discord.gg/rQV5JPauY7
2026-06-14 00:22:17 [INFO]   \_____|_____/ \_____|
2026-06-14 00:22:17 [INFO]                        
2026-06-14 00:23:05 [INFO] CSC close completely, thanks for using!
2026-06-14 10:38:57 [INFO] CSC is loading...   Success！
2026-06-14 10:40:15 [INFO]    _____  _____  _____ 
2026-06-14 10:40:15 [INFO]   / ____|/ ____|/ ____|
2026-06-14 10:40:15 [INFO]  | |    | (___ | |        [CSC] Version: v1.21.26
2026-06-14 10:40:15 [INFO]  | |     \___ \| |        Minecraft Version: 1.21.1 neoforge
2026-06-14 10:40:15 [INFO]  | |____ ____) | |____    Problem/Feedback: Discord: https://discord.gg/rQV5JPauY7
2026-06-14 10:40:15 [INFO]   \_____|_____/ \_____|
2026-06-14 10:40:15 [INFO]                        
2026-06-14 10:41:02 [INFO] CSC close completely, thanks for using!
2026-06-14 10:48:48 [INFO] CSC is loading...   Success！
2026-06-14 10:50:47 [INFO] CSC is loading...   Success！
2026-06-14 10:53:11 [INFO] CSC is loading...   Success！
2026-06-14 10:54:28 [INFO] CSC is loading...   Success！
2026-06-14 10:55:47 [INFO]    _____  _____  _____ 
2026-06-14 10:55:47 [INFO]   / ____|/ ____|/ ____|
2026-06-14 10:55:47 [INFO]  | |    | (___ | |        [CSC] Version: v1.21.26
2026-06-14 10:55:47 [INFO]  | |     \___ \| |        Minecraft Version: 1.21.1 neoforge
2026-06-14 10:55:47 [INFO]  | |____ ____) | |____    Problem/Feedback: Discord: https://discord.gg/rQV5JPauY7
2026-06-14 10:55:47 [INFO]   \_____|_____/ \_____|
2026-06-14 10:55:47 [INFO]                        
2026-06-14 10:56:28 [INFO] CSC close completely, thanks for using!
2026-06-14 11:02:17 [INFO] CSC is loading...   Success！
2026-06-14 11:03:56 [INFO]    _____  _____  _____ 
2026-06-14 11:03:56 [INFO]   / ____|/ ____|/ ____|
2026-06-14 11:03:56 [INFO]  | |    | (___ | |        [CSC] Version: v1.21.26
2026-06-14 11:03:56 [INFO]  | |     \___ \| |        Minecraft Version: 1.21.1 neoforge
2026-06-14 11:03:56 [INFO]  | |____ ____) | |____    Problem/Feedback: Discord: https://discord.gg/rQV5JPauY7
2026-06-14 11:03:56 [INFO]   \_____|_____/ \_____|
2026-06-14 11:03:56 [INFO]                        
2026-06-14 11:04:45 [INFO] CSC close completely, thanks for using!
2026-06-14 11:10:41 [INFO] CSC is loading...   Success！
2026-06-14 11:12:47 [INFO] CSC is loading...   Success！
2026-06-14 11:14:54 [INFO]    _____  _____  _____ 
2026-06-14 11:14:54 [INFO]   / ____|/ ____|/ ____|
2026-06-14 11:14:54 [INFO]  | |    | (___ | |        [CSC] Version: v1.21.26
2026-06-14 11:14:54 [INFO]  | |     \___ \| |        Minecraft Version: 1.21.1 neoforge
2026-06-14 11:14:54 [INFO]  | |____ ____) | |____    Problem/Feedback: Discord: https://discord.gg/rQV5JPauY7
2026-06-14 11:14:54 [INFO]   \_____|_____/ \_____|
2026-06-14 11:14:54 [INFO]                        
2026-06-14 11:15:50 [INFO] CSC close completely, thanks for using!
2026-06-14 11:22:17 [INFO] CSC is loading...   Success！
2026-06-14 11:25:14 [INFO] CSC is loading...   Success！
2026-06-14 11:26:57 [INFO] CSC is loading...   Success！
2026-06-14 11:28:44 [INFO] CSC is loading...   Success！
2026-06-14 11:30:31 [INFO] CSC is loading...   Success！
2026-06-14 11:31:49 [INFO]    _____  _____  _____ 
2026-06-14 11:31:49 [INFO]   / ____|/ ____|/ ____|
2026-06-14 11:31:49 [INFO]  | |    | (___ | |        [CSC] Version: v1.21.26
2026-06-14 11:31:49 [INFO]  | |     \___ \| |        Minecraft Version: 1.21.1 neoforge
2026-06-14 11:31:49 [INFO]  | |____ ____) | |____    Problem/Feedback: Discord: https://discord.gg/rQV5JPauY7
2026-06-14 11:31:49 [INFO]   \_____|_____/ \_____|
2026-06-14 11:31:49 [INFO]                        
2026-06-14 11:33:12 [INFO] CSC close completely, thanks for using!
2026-06-14 11:35:24 [INFO] CSC is loading...   Success！
2026-06-14 11:37:26 [INFO] CSC is loading...   Success！
2026-06-14 11:59:34 [INFO] CSC is loading...   Success！
2026-06-14 12:22:41 [INFO] CSC is loading...   Success！
2026-06-14 12:24:28 [INFO] CSC is loading...   Success！
2026-06-14 12:26:41 [INFO] CSC is loading...   Success！
2026-06-14 16:19:57 [INFO] CSC is loading...   Success！
2026-06-14 16:21:41 [INFO] CSC is loading...   Success！
2026-06-14 16:23:37 [INFO] CSC is loading...   Success！
2026-06-14 16:26:03 [INFO] CSC is loading...   Success！
2026-06-14 16:35:39 [INFO] CSC is loading...   Success！
2026-06-14 16:39:00 [INFO] CSC is loading...   Success！
2026-06-14 16:41:01 [INFO] CSC is loading...   Success！
2026-06-14 16:43:23 [INFO] CSC is loading...   Success！
2026-06-14 16:45:25 [INFO] CSC is loading...   Success！
2026-06-14 16:47:30 [INFO] CSC is loading...   Success！
2026-06-14 16:49:27 [INFO] CSC is loading...   Success！
2026-06-14 16:51:51 [INFO] CSC is loading...   Success！
2026-06-14 16:55:55 [INFO] CSC is loading...   Success！
2026-06-14 17:02:32 [INFO] CSC is loading...   Success！
2026-06-14 17:04:35 [INFO] CSC is loading...   Success！
2026-06-14 17:06:27 [INFO] CSC is loading...   Success！
2026-06-14 17:08:57 [INFO] CSC is loading...   Success！
2026-06-14 17:10:17 [INFO] CSC is loading...   Success！
2026-06-14 17:12:24 [INFO] CSC is loading...   Success！
2026-06-14 17:14:19 [INFO] CSC is loading...   Success！
2026-06-14 17:16:15 [INFO] CSC is loading...   Success！
2026-06-14 17:18:32 [INFO] CSC is loading...   Success！
2026-06-14 17:20:25 [INFO] CSC is loading...   Success！
2026-06-14 17:22:19 [INFO] CSC is loading...   Success！
2026-06-14 17:24:09 [INFO] CSC is loading...   Success！
2026-06-14 17:28:44 [INFO] CSC is loading...   Success！
2026-06-14 17:30:58 [INFO] CSC is loading...   Success！
2026-06-14 17:53:51 [INFO] CSC is loading...   Success！
2026-06-14 17:56:17 [INFO] CSC is loading...   Success！
2026-06-14 17:58:32 [INFO] CSC is loading...   Success！
2026-06-14 18:00:25 [INFO] CSC is loading...   Success！
2026-06-14 18:02:47 [INFO] CSC is loading...   Success！
2026-06-14 18:04:54 [INFO] CSC is loading...   Success！
2026-06-14 18:06:17 [INFO] CSC is loading...   Success！
2026-06-14 18:08:38 [INFO] CSC is loading...   Success！
2026-06-14 18:12:10 [INFO] CSC is loading...   Success！
2026-06-14 18:14:39 [INFO] CSC is loading...   Success！
2026-06-14 18:16:34 [INFO] CSC is loading...   Success！
2026-06-14 18:19:35 [INFO] CSC is loading...   Success！
2026-06-14 18:21:47 [INFO] CSC is loading...   Success！
2026-06-14 18:24:15 [INFO] CSC is loading...   Success！
2026-06-14 18:28:05 [INFO] CSC is loading...   Success！
2026-06-14 18:50:37 [INFO] CSC is loading...   Success！
2026-06-14 18:51:49 [INFO]    _____  _____  _____ 
2026-06-14 18:51:49 [INFO]   / ____|/ ____|/ ____|
2026-06-14 18:51:49 [INFO]  | |    | (___ | |        [CSC] Version: v1.21.26
2026-06-14 18:51:49 [INFO]  | |     \___ \| |        Minecraft Version: 1.21.1 neoforge
2026-06-14 18:51:49 [INFO]  | |____ ____) | |____    Problem/Feedback: Discord: https://discord.gg/rQV5JPauY7
2026-06-14 18:51:49 [INFO]   \_____|_____/ \_____|
2026-06-14 18:51:49 [INFO]                        
2026-06-14 18:55:46 [INFO] CSC close completely, thanks for using!
2026-06-14 19:07:04 [INFO] CSC is loading...   Success！
2026-06-14 19:33:37 [INFO] CSC is loading...   Success！
2026-06-14 19:34:34 [INFO]    _____  _____  _____ 
2026-06-14 19:34:34 [INFO]   / ____|/ ____|/ ____|
2026-06-14 19:34:34 [INFO]  | |    | (___ | |        [CSC] Version: v1.21.26
2026-06-14 19:34:34 [INFO]  | |     \___ \| |        Minecraft Version: 1.21.1 neoforge
2026-06-14 19:34:34 [INFO]  | |____ ____) | |____    Problem/Feedback: Discord: https://discord.gg/rQV5JPauY7
2026-06-14 19:34:34 [INFO]   \_____|_____/ \_____|
2026-06-14 19:34:34 [INFO]                        
2026-06-14 19:35:20 [INFO] CSC close completely, thanks for using!
2026-06-14 19:37:25 [INFO] CSC is loading...   Success！
2026-06-14 19:42:47 [INFO] CSC is loading...   Success！
2026-06-14 19:43:58 [INFO]    _____  _____  _____ 
2026-06-14 19:43:58 [INFO]   / ____|/ ____|/ ____|
2026-06-14 19:43:58 [INFO]  | |    | (___ | |        [CSC] Version: v1.21.26
2026-06-14 19:43:58 [INFO]  | |     \___ \| |        Minecraft Version: 1.21.1 neoforge
2026-06-14 19:43:58 [INFO]  | |____ ____) | |____    Problem/Feedback: Discord: https://discord.gg/rQV5JPauY7
2026-06-14 19:43:58 [INFO]   \_____|_____/ \_____|
2026-06-14 19:43:58 [INFO]                        
2026-06-14 19:44:38 [INFO] CSC close completely, thanks for using!
2026-06-14 19:47:34 [INFO] CSC is loading...   Success！
2026-06-14 19:48:56 [INFO]    _____  _____  _____ 
2026-06-14 19:48:56 [INFO]   / ____|/ ____|/ ____|
2026-06-14 19:48:56 [INFO]  | |    | (___ | |        [CSC] Version: v1.21.26
2026-06-14 19:48:56 [INFO]  | |     \___ \| |        Minecraft Version: 1.21.1 neoforge
2026-06-14 19:48:56 [INFO]  | |____ ____) | |____    Problem/Feedback: Discord: https://discord.gg/rQV5JPauY7
2026-06-14 19:48:56 [INFO]   \_____|_____/ \_____|
2026-06-14 19:48:56 [INFO]                        
2026-06-14 19:50:16 [INFO] CSC close completely, thanks for using!
2026-06-14 19:58:45 [INFO] CSC is loading...   Success！
2026-06-14 19:59:44 [INFO]    _____  _____  _____ 
2026-06-14 19:59:44 [INFO]   / ____|/ ____|/ ____|
2026-06-14 19:59:44 [INFO]  | |    | (___ | |        [CSC] Version: v1.21.26
2026-06-14 19:59:44 [INFO]  | |     \___ \| |        Minecraft Version: 1.21.1 neoforge
2026-06-14 19:59:44 [INFO]  | |____ ____) | |____    Problem/Feedback: Discord: https://discord.gg/rQV5JPauY7
2026-06-14 19:59:44 [INFO]   \_____|_____/ \_____|
2026-06-14 19:59:44 [INFO]                        
2026-06-14 20:00:54 [INFO] CSC close completely, thanks for using!
2026-06-14 20:10:16 [INFO] CSC is loading...   Success！
2026-06-14 20:14:26 [INFO] CSC is loading...   Success！
2026-06-14 20:15:41 [INFO]    _____  _____  _____ 
2026-06-14 20:15:41 [INFO]   / ____|/ ____|/ ____|
2026-06-14 20:15:41 [INFO]  | |    | (___ | |        [CSC] Version: v1.21.26
2026-06-14 20:15:41 [INFO]  | |     \___ \| |        Minecraft Version: 1.21.1 neoforge
2026-06-14 20:15:41 [INFO]  | |____ ____) | |____    Problem/Feedback: Discord: https://discord.gg/rQV5JPauY7
2026-06-14 20:15:41 [INFO]   \_____|_____/ \_____|
2026-06-14 20:15:41 [INFO]                        
2026-06-14 20:16:24 [INFO] CSC close completely, thanks for using!
2026-06-14 20:34:27 [INFO] CSC is loading...   Success！
2026-06-14 20:36:14 [INFO]    _____  _____  _____ 
2026-06-14 20:36:14 [INFO]   / ____|/ ____|/ ____|
2026-06-14 20:36:14 [INFO]  | |    | (___ | |        [CSC] Version: v1.21.26
2026-06-14 20:36:14 [INFO]  | |     \___ \| |        Minecraft Version: 1.21.1 neoforge
2026-06-14 20:36:14 [INFO]  | |____ ____) | |____    Problem/Feedback: Discord: https://discord.gg/rQV5JPauY7
2026-06-14 20:36:14 [INFO]   \_____|_____/ \_____|
2026-06-14 20:36:14 [INFO]                        
2026-06-14 20:37:25 [INFO] CSC close completely, thanks for using!
2026-06-14 20:41:31 [INFO] CSC is loading...   Success！
2026-06-14 20:42:39 [INFO]    _____  _____  _____ 
2026-06-14 20:42:39 [INFO]   / ____|/ ____|/ ____|
2026-06-14 20:42:39 [INFO]  | |    | (___ | |        [CSC] Version: v1.21.26
2026-06-14 20:42:39 [INFO]  | |     \___ \| |        Minecraft Version: 1.21.1 neoforge
2026-06-14 20:42:39 [INFO]  | |____ ____) | |____    Problem/Feedback: Discord: https://discord.gg/rQV5JPauY7
2026-06-14 20:42:39 [INFO]   \_____|_____/ \_____|
2026-06-14 20:42:39 [INFO]                        
2026-06-14 20:43:53 [INFO] CSC close completely, thanks for using!
2026-06-14 20:48:27 [INFO] CSC is loading...   Success！
2026-06-14 20:50:02 [INFO]    _____  _____  _____ 
2026-06-14 20:50:02 [INFO]   / ____|/ ____|/ ____|
2026-06-14 20:50:02 [INFO]  | |    | (___ | |        [CSC] Version: v1.21.26
2026-06-14 20:50:02 [INFO]  | |     \___ \| |        Minecraft Version: 1.21.1 neoforge
2026-06-14 20:50:02 [INFO]  | |____ ____) | |____    Problem/Feedback: Discord: https://discord.gg/rQV5JPauY7
2026-06-14 20:50:02 [INFO]   \_____|_____/ \_____|
2026-06-14 20:50:02 [INFO]                        
2026-06-14 20:51:13 [INFO] CSC close completely, thanks for using!
2026-06-14 21:14:15 [INFO] CSC is loading...   Success！
2026-06-14 21:15:41 [INFO]    _____  _____  _____ 
2026-06-14 21:15:41 [INFO]   / ____|/ ____|/ ____|
2026-06-14 21:15:41 [INFO]  | |    | (___ | |        [CSC] Version: v1.21.26
2026-06-14 21:15:41 [INFO]  | |     \___ \| |        Minecraft Version: 1.21.1 neoforge
2026-06-14 21:15:41 [INFO]  | |____ ____) | |____    Problem/Feedback: Discord: https://discord.gg/rQV5JPauY7
2026-06-14 21:15:41 [INFO]   \_____|_____/ \_____|
2026-06-14 21:15:41 [INFO]                        
2026-06-14 21:18:15 [INFO] CSC close completely, thanks for using!
2026-06-15 03:35:01 [INFO] CSC is loading...   Success！
2026-06-15 03:37:02 [INFO]    _____  _____  _____ 
2026-06-15 03:37:02 [INFO]   / ____|/ ____|/ ____|
2026-06-15 03:37:02 [INFO]  | |    | (___ | |        [CSC] Version: v1.21.26
2026-06-15 03:37:02 [INFO]  | |     \___ \| |        Minecraft Version: 1.21.1 neoforge
2026-06-15 03:37:02 [INFO]  | |____ ____) | |____    Problem/Feedback: Discord: https://discord.gg/rQV5JPauY7
2026-06-15 03:37:02 [INFO]   \_____|_____/ \_____|
2026-06-15 03:37:02 [INFO]                        
2026-06-15 03:37:52 [INFO] CSC close completely, thanks for using!
2026-06-15 03:51:02 [INFO] CSC is loading...   Success！
2026-06-15 03:52:15 [INFO]    _____  _____  _____ 
2026-06-15 03:52:15 [INFO]   / ____|/ ____|/ ____|
2026-06-15 03:52:15 [INFO]  | |    | (___ | |        [CSC] Version: v1.21.26
2026-06-15 03:52:15 [INFO]  | |     \___ \| |        Minecraft Version: 1.21.1 neoforge
2026-06-15 03:52:15 [INFO]  | |____ ____) | |____    Problem/Feedback: Discord: https://discord.gg/rQV5JPauY7
2026-06-15 03:52:15 [INFO]   \_____|_____/ \_____|
2026-06-15 03:52:15 [INFO]                        
2026-06-15 03:53:31 [INFO] CSC close completely, thanks for using!
2026-06-15 04:01:17 [INFO] CSC is loading...   Success！
2026-06-15 04:04:27 [INFO] CSC is loading...   Success！
2026-06-15 04:06:00 [INFO]    _____  _____  _____ 
2026-06-15 04:06:00 [INFO]   / ____|/ ____|/ ____|
2026-06-15 04:06:00 [INFO]  | |    | (___ | |        [CSC] Version: v1.21.26
2026-06-15 04:06:00 [INFO]  | |     \___ \| |        Minecraft Version: 1.21.1 neoforge
2026-06-15 04:06:00 [INFO]  | |____ ____) | |____    Problem/Feedback: Discord: https://discord.gg/rQV5JPauY7
2026-06-15 04:06:00 [INFO]   \_____|_____/ \_____|
2026-06-15 04:06:00 [INFO]                        
2026-06-15 04:07:08 [INFO] CSC close completely, thanks for using!
2026-06-15 04:09:17 [INFO] CSC is loading...   Success！
2026-06-15 04:10:31 [INFO]    _____  _____  _____ 
2026-06-15 04:10:31 [INFO]   / ____|/ ____|/ ____|
2026-06-15 04:10:31 [INFO]  | |    | (___ | |        [CSC] Version: v1.21.26
2026-06-15 04:10:31 [INFO]  | |     \___ \| |        Minecraft Version: 1.21.1 neoforge
2026-06-15 04:10:31 [INFO]  | |____ ____) | |____    Problem/Feedback: Discord: https://discord.gg/rQV5JPauY7
2026-06-15 04:10:31 [INFO]   \_____|_____/ \_____|
2026-06-15 04:10:31 [INFO]                        
2026-06-15 04:11:22 [INFO] CSC close completely, thanks for using!
2026-06-15 04:16:33 [INFO] CSC is loading...   Success！
2026-06-15 04:18:13 [INFO]    _____  _____  _____ 
2026-06-15 04:18:13 [INFO]   / ____|/ ____|/ ____|
2026-06-15 04:18:13 [INFO]  | |    | (___ | |        [CSC] Version: v1.21.26
2026-06-15 04:18:13 [INFO]  | |     \___ \| |        Minecraft Version: 1.21.1 neoforge
2026-06-15 04:18:13 [INFO]  | |____ ____) | |____    Problem/Feedback: Discord: https://discord.gg/rQV5JPauY7
2026-06-15 04:18:13 [INFO]   \_____|_____/ \_____|
2026-06-15 04:18:13 [INFO]                        
2026-06-15 04:18:52 [INFO] CSC close completely, thanks for using!
2026-06-15 04:21:43 [INFO] CSC is loading...   Success！
2026-06-15 04:22:54 [INFO]    _____  _____  _____ 
2026-06-15 04:22:54 [INFO]   / ____|/ ____|/ ____|
2026-06-15 04:22:54 [INFO]  | |    | (___ | |        [CSC] Version: v1.21.26
2026-06-15 04:22:54 [INFO]  | |     \___ \| |        Minecraft Version: 1.21.1 neoforge
2026-06-15 04:22:54 [INFO]  | |____ ____) | |____    Problem/Feedback: Discord: https://discord.gg/rQV5JPauY7
2026-06-15 04:22:54 [INFO]   \_____|_____/ \_____|
2026-06-15 04:22:54 [INFO]                        
2026-06-15 04:23:31 [INFO] CSC close completely, thanks for using!
2026-06-15 04:26:57 [INFO] CSC is loading...   Success！
2026-06-15 04:28:07 [INFO]    _____  _____  _____ 
2026-06-15 04:28:07 [INFO]   / ____|/ ____|/ ____|
2026-06-15 04:28:07 [INFO]  | |    | (___ | |        [CSC] Version: v1.21.26
2026-06-15 04:28:07 [INFO]  | |     \___ \| |        Minecraft Version: 1.21.1 neoforge
2026-06-15 04:28:07 [INFO]  | |____ ____) | |____    Problem/Feedback: Discord: https://discord.gg/rQV5JPauY7
2026-06-15 04:28:07 [INFO]   \_____|_____/ \_____|
2026-06-15 04:28:07 [INFO]                        
2026-06-15 04:28:49 [INFO] CSC close completely, thanks for using!
2026-06-15 04:35:12 [INFO] CSC is loading...   Success！
2026-06-15 04:36:40 [INFO]    _____  _____  _____ 
2026-06-15 04:36:40 [INFO]   / ____|/ ____|/ ____|
2026-06-15 04:36:40 [INFO]  | |    | (___ | |        [CSC] Version: v1.21.26
2026-06-15 04:36:40 [INFO]  | |     \___ \| |        Minecraft Version: 1.21.1 neoforge
2026-06-15 04:36:40 [INFO]  | |____ ____) | |____    Problem/Feedback: Discord: https://discord.gg/rQV5JPauY7
2026-06-15 04:36:40 [INFO]   \_____|_____/ \_____|
2026-06-15 04:36:40 [INFO]                        
2026-06-15 04:38:11 [INFO] CSC close completely, thanks for using!
2026-06-15 04:43:26 [INFO] CSC is loading...   Success！
2026-06-15 04:44:41 [INFO]    _____  _____  _____ 
2026-06-15 04:44:41 [INFO]   / ____|/ ____|/ ____|
2026-06-15 04:44:41 [INFO]  | |    | (___ | |        [CSC] Version: v1.21.26
2026-06-15 04:44:41 [INFO]  | |     \___ \| |        Minecraft Version: 1.21.1 neoforge
2026-06-15 04:44:41 [INFO]  | |____ ____) | |____    Problem/Feedback: Discord: https://discord.gg/rQV5JPauY7
2026-06-15 04:44:41 [INFO]   \_____|_____/ \_____|
2026-06-15 04:44:41 [INFO]                        
2026-06-15 04:45:41 [INFO] CSC close completely, thanks for using!
2026-06-15 04:50:13 [INFO] CSC is loading...   Success！
2026-06-15 04:51:37 [INFO]    _____  _____  _____ 
2026-06-15 04:51:37 [INFO]   / ____|/ ____|/ ____|
2026-06-15 04:51:37 [INFO]  | |    | (___ | |        [CSC] Version: v1.21.26
2026-06-15 04:51:37 [INFO]  | |     \___ \| |        Minecraft Version: 1.21.1 neoforge
2026-06-15 04:51:37 [INFO]  | |____ ____) | |____    Problem/Feedback: Discord: https://discord.gg/rQV5JPauY7
2026-06-15 04:51:37 [INFO]   \_____|_____/ \_____|
2026-06-15 04:51:37 [INFO]                        
2026-06-15 04:52:21 [INFO] CSC close completely, thanks for using!
2026-06-15 04:54:11 [INFO] CSC is loading...   Success！
2026-06-15 05:01:24 [INFO] CSC is loading...   Success！
2026-06-15 05:02:34 [INFO]    _____  _____  _____ 
2026-06-15 05:02:34 [INFO]   / ____|/ ____|/ ____|
2026-06-15 05:02:34 [INFO]  | |    | (___ | |        [CSC] Version: v1.21.26
2026-06-15 05:02:34 [INFO]  | |     \___ \| |        Minecraft Version: 1.21.1 neoforge
2026-06-15 05:02:34 [INFO]  | |____ ____) | |____    Problem/Feedback: Discord: https://discord.gg/rQV5JPauY7
2026-06-15 05:02:34 [INFO]   \_____|_____/ \_____|
2026-06-15 05:02:34 [INFO]                        
2026-06-15 05:04:21 [INFO] CSC close completely, thanks for using!
2026-06-15 05:33:33 [INFO] CSC is loading...   Success！
2026-06-15 05:34:46 [INFO]    _____  _____  _____ 
2026-06-15 05:34:46 [INFO]   / ____|/ ____|/ ____|
2026-06-15 05:34:46 [INFO]  | |    | (___ | |        [CSC] Version: v1.21.26
2026-06-15 05:34:46 [INFO]  | |     \___ \| |        Minecraft Version: 1.21.1 neoforge
2026-06-15 05:34:46 [INFO]  | |____ ____) | |____    Problem/Feedback: Discord: https://discord.gg/rQV5JPauY7
2026-06-15 05:34:46 [INFO]   \_____|_____/ \_____|
2026-06-15 05:34:46 [INFO]                        
2026-06-15 05:36:02 [INFO] CSC close completely, thanks for using!
2026-06-15 05:40:58 [INFO] CSC is loading...   Success！
2026-06-15 05:42:35 [INFO]    _____  _____  _____ 
2026-06-15 05:42:35 [INFO]   / ____|/ ____|/ ____|
2026-06-15 05:42:35 [INFO]  | |    | (___ | |        [CSC] Version: v1.21.26
2026-06-15 05:42:35 [INFO]  | |     \___ \| |        Minecraft Version: 1.21.1 neoforge
2026-06-15 05:42:35 [INFO]  | |____ ____) | |____    Problem/Feedback: Discord: https://discord.gg/rQV5JPauY7
2026-06-15 05:42:35 [INFO]   \_____|_____/ \_____|
2026-06-15 05:42:35 [INFO]                        
2026-06-15 05:48:17 [INFO] CSC close completely, thanks for using!
2026-06-15 05:51:49 [INFO] CSC is loading...   Success！
2026-06-15 05:53:06 [INFO]    _____  _____  _____ 
2026-06-15 05:53:06 [INFO]   / ____|/ ____|/ ____|
2026-06-15 05:53:06 [INFO]  | |    | (___ | |        [CSC] Version: v1.21.26
2026-06-15 05:53:06 [INFO]  | |     \___ \| |        Minecraft Version: 1.21.1 neoforge
2026-06-15 05:53:06 [INFO]  | |____ ____) | |____    Problem/Feedback: Discord: https://discord.gg/rQV5JPauY7
2026-06-15 05:53:06 [INFO]   \_____|_____/ \_____|
2026-06-15 05:53:06 [INFO]                        
2026-06-15 05:53:57 [INFO] CSC close completely, thanks for using!
2026-06-15 06:03:30 [INFO] CSC is loading...   Success！
2026-06-15 06:04:47 [INFO]    _____  _____  _____ 
2026-06-15 06:04:47 [INFO]   / ____|/ ____|/ ____|
2026-06-15 06:04:47 [INFO]  | |    | (___ | |        [CSC] Version: v1.21.26
2026-06-15 06:04:47 [INFO]  | |     \___ \| |        Minecraft Version: 1.21.1 neoforge
2026-06-15 06:04:47 [INFO]  | |____ ____) | |____    Problem/Feedback: Discord: https://discord.gg/rQV5JPauY7
2026-06-15 06:04:47 [INFO]   \_____|_____/ \_____|
2026-06-15 06:04:47 [INFO]                        
2026-06-15 06:06:25 [INFO] CSC close completely, thanks for using!
2026-06-15 06:12:02 [INFO] CSC is loading...   Success！
2026-06-15 06:13:17 [INFO]    _____  _____  _____ 
2026-06-15 06:13:17 [INFO]   / ____|/ ____|/ ____|
2026-06-15 06:13:17 [INFO]  | |    | (___ | |        [CSC] Version: v1.21.26
2026-06-15 06:13:17 [INFO]  | |     \___ \| |        Minecraft Version: 1.21.1 neoforge
2026-06-15 06:13:17 [INFO]  | |____ ____) | |____    Problem/Feedback: Discord: https://discord.gg/rQV5JPauY7
2026-06-15 06:13:17 [INFO]   \_____|_____/ \_____|
2026-06-15 06:13:17 [INFO]                        
2026-06-15 06:14:01 [INFO] CSC close completely, thanks for using!
2026-06-15 06:16:22 [INFO] CSC is loading...   Success！
2026-06-15 06:17:33 [INFO]    _____  _____  _____ 
2026-06-15 06:17:33 [INFO]   / ____|/ ____|/ ____|
2026-06-15 06:17:33 [INFO]  | |    | (___ | |        [CSC] Version: v1.21.26
2026-06-15 06:17:33 [INFO]  | |     \___ \| |        Minecraft Version: 1.21.1 neoforge
2026-06-15 06:17:33 [INFO]  | |____ ____) | |____    Problem/Feedback: Discord: https://discord.gg/rQV5JPauY7
2026-06-15 06:17:33 [INFO]   \_____|_____/ \_____|
2026-06-15 06:17:33 [INFO]                        
2026-06-15 06:18:06 [INFO] CSC close completely, thanks for using!
2026-06-15 06:23:40 [INFO] CSC is loading...   Success！
2026-06-15 06:24:55 [INFO]    _____  _____  _____ 
2026-06-15 06:24:55 [INFO]   / ____|/ ____|/ ____|
2026-06-15 06:24:55 [INFO]  | |    | (___ | |        [CSC] Version: v1.21.26
2026-06-15 06:24:55 [INFO]  | |     \___ \| |        Minecraft Version: 1.21.1 neoforge
2026-06-15 06:24:55 [INFO]  | |____ ____) | |____    Problem/Feedback: Discord: https://discord.gg/rQV5JPauY7
2026-06-15 06:24:55 [INFO]   \_____|_____/ \_____|
2026-06-15 06:24:55 [INFO]                        
2026-06-15 06:26:56 [INFO] CSC close completely, thanks for using!
2026-06-15 06:33:47 [INFO] CSC is loading...   Success！
2026-06-15 06:36:57 [INFO]    _____  _____  _____ 
2026-06-15 06:36:57 [INFO]   / ____|/ ____|/ ____|
2026-06-15 06:36:57 [INFO]  | |    | (___ | |        [CSC] Version: v1.21.26
2026-06-15 06:36:57 [INFO]  | |     \___ \| |        Minecraft Version: 1.21.1 neoforge
2026-06-15 06:36:57 [INFO]  | |____ ____) | |____    Problem/Feedback: Discord: https://discord.gg/rQV5JPauY7
2026-06-15 06:36:57 [INFO]   \_____|_____/ \_____|
2026-06-15 06:36:57 [INFO]                        
2026-06-15 06:37:33 [INFO] CSC close completely, thanks for using!
2026-06-15 06:41:31 [INFO] CSC is loading...   Success！
2026-06-15 06:42:48 [INFO]    _____  _____  _____ 
2026-06-15 06:42:48 [INFO]   / ____|/ ____|/ ____|
2026-06-15 06:42:48 [INFO]  | |    | (___ | |        [CSC] Version: v1.21.26
2026-06-15 06:42:48 [INFO]  | |     \___ \| |        Minecraft Version: 1.21.1 neoforge
2026-06-15 06:42:48 [INFO]  | |____ ____) | |____    Problem/Feedback: Discord: https://discord.gg/rQV5JPauY7
2026-06-15 06:42:48 [INFO]   \_____|_____/ \_____|
2026-06-15 06:42:48 [INFO]                        
2026-06-15 06:44:03 [INFO] CSC close completely, thanks for using!
2026-06-15 07:12:49 [INFO] CSC is loading...   Success！
2026-06-15 07:13:30 [INFO]    _____  _____  _____ 
2026-06-15 07:13:30 [INFO]   / ____|/ ____|/ ____|
2026-06-15 07:13:30 [INFO]  | |    | (___ | |        [CSC] Version: v1.21.26
2026-06-15 07:13:30 [INFO]  | |     \___ \| |        Minecraft Version: 1.21.1 neoforge
2026-06-15 07:13:30 [INFO]  | |____ ____) | |____    Problem/Feedback: Discord: https://discord.gg/rQV5JPauY7
2026-06-15 07:13:30 [INFO]   \_____|_____/ \_____|
2026-06-15 07:13:30 [INFO]                        
2026-06-15 07:15:26 [INFO] CSC close completely, thanks for using!
2026-06-15 07:18:20 [INFO] CSC is loading...   Success！
2026-06-15 07:19:06 [INFO]    _____  _____  _____ 
2026-06-15 07:19:06 [INFO]   / ____|/ ____|/ ____|
2026-06-15 07:19:06 [INFO]  | |    | (___ | |        [CSC] Version: v1.21.26
2026-06-15 07:19:06 [INFO]  | |     \___ \| |        Minecraft Version: 1.21.1 neoforge
2026-06-15 07:19:06 [INFO]  | |____ ____) | |____    Problem/Feedback: Discord: https://discord.gg/rQV5JPauY7
2026-06-15 07:19:06 [INFO]   \_____|_____/ \_____|
2026-06-15 07:19:06 [INFO]                        
2026-06-15 07:19:47 [INFO] CSC close completely, thanks for using!
2026-06-15 07:25:43 [INFO] CSC is loading...   Success！
2026-06-15 07:26:27 [INFO]    _____  _____  _____ 
2026-06-15 07:26:27 [INFO]   / ____|/ ____|/ ____|
2026-06-15 07:26:27 [INFO]  | |    | (___ | |        [CSC] Version: v1.21.26
2026-06-15 07:26:27 [INFO]  | |     \___ \| |        Minecraft Version: 1.21.1 neoforge
2026-06-15 07:26:27 [INFO]  | |____ ____) | |____    Problem/Feedback: Discord: https://discord.gg/rQV5JPauY7
2026-06-15 07:26:27 [INFO]   \_____|_____/ \_____|
2026-06-15 07:26:27 [INFO]                        
2026-06-15 07:28:07 [INFO] CSC close completely, thanks for using!
2026-06-15 07:32:32 [INFO] CSC is loading...   Success！
2026-06-15 07:33:20 [INFO]    _____  _____  _____ 
2026-06-15 07:33:20 [INFO]   / ____|/ ____|/ ____|
2026-06-15 07:33:20 [INFO]  | |    | (___ | |        [CSC] Version: v1.21.26
2026-06-15 07:33:20 [INFO]  | |     \___ \| |        Minecraft Version: 1.21.1 neoforge
2026-06-15 07:33:20 [INFO]  | |____ ____) | |____    Problem/Feedback: Discord: https://discord.gg/rQV5JPauY7
2026-06-15 07:33:20 [INFO]   \_____|_____/ \_____|
2026-06-15 07:33:20 [INFO]                        
2026-06-15 07:35:02 [INFO] CSC close completely, thanks for using!
2026-06-15 07:41:10 [INFO] CSC is loading...   Success！
2026-06-15 07:43:40 [INFO] CSC is loading...   Success！
2026-06-15 13:55:46 [INFO]    _____  _____  _____ 
2026-06-15 13:55:46 [INFO]   / ____|/ ____|/ ____|
2026-06-15 13:55:46 [INFO]  | |    | (___ | |        [CSC] Version: v1.21.26
2026-06-15 13:55:46 [INFO]  | |     \___ \| |        Minecraft Version: 1.21.1 neoforge
2026-06-15 13:55:46 [INFO]  | |____ ____) | |____    Problem/Feedback: Discord: https://discord.gg/rQV5JPauY7
2026-06-15 13:55:46 [INFO]   \_____|_____/ \_____|
2026-06-15 13:55:46 [INFO]                        
2026-06-15 13:57:43 [INFO] CSC close completely, thanks for using!
2026-06-15 14:15:48 [INFO] CSC is loading...   Success！
2026-06-15 14:16:34 [INFO]    _____  _____  _____ 
2026-06-15 14:16:34 [INFO]   / ____|/ ____|/ ____|
2026-06-15 14:16:34 [INFO]  | |    | (___ | |        [CSC] Version: v1.21.26
2026-06-15 14:16:34 [INFO]  | |     \___ \| |        Minecraft Version: 1.21.1 neoforge
2026-06-15 14:16:34 [INFO]  | |____ ____) | |____    Problem/Feedback: Discord: https://discord.gg/rQV5JPauY7
2026-06-15 14:16:34 [INFO]   \_____|_____/ \_____|
2026-06-15 14:16:34 [INFO]                        
2026-06-15 14:19:45 [INFO] CSC close completely, thanks for using!
2026-06-15 14:45:40 [INFO] CSC is loading...   Success！
2026-06-15 14:51:21 [INFO] CSC is loading...   Success！
2026-06-15 15:00:20 [INFO] CSC is loading...   Success！
2026-06-15 15:01:03 [INFO]    _____  _____  _____ 
2026-06-15 15:01:03 [INFO]   / ____|/ ____|/ ____|
2026-06-15 15:01:03 [INFO]  | |    | (___ | |        [CSC] Version: v1.21.26
2026-06-15 15:01:03 [INFO]  | |     \___ \| |        Minecraft Version: 1.21.1 neoforge
2026-06-15 15:01:03 [INFO]  | |____ ____) | |____    Problem/Feedback: Discord: https://discord.gg/rQV5JPauY7
2026-06-15 15:01:03 [INFO]   \_____|_____/ \_____|
2026-06-15 15:01:03 [INFO]                        
2026-06-15 15:02:12 [INFO] CSC close completely, thanks for using!
2026-06-15 15:22:45 [INFO] CSC is loading...   Success！
2026-06-15 15:23:28 [INFO]    _____  _____  _____ 
2026-06-15 15:23:28 [INFO]   / ____|/ ____|/ ____|
2026-06-15 15:23:28 [INFO]  | |    | (___ | |        [CSC] Version: v1.21.26
2026-06-15 15:23:28 [INFO]  | |     \___ \| |        Minecraft Version: 1.21.1 neoforge
2026-06-15 15:23:28 [INFO]  | |____ ____) | |____    Problem/Feedback: Discord: https://discord.gg/rQV5JPauY7
2026-06-15 15:23:28 [INFO]   \_____|_____/ \_____|
2026-06-15 15:23:28 [INFO]                        
2026-06-15 15:27:15 [INFO] CSC close completely, thanks for using!
2026-06-15 15:47:12 [INFO] CSC is loading...   Success！
2026-06-15 15:48:03 [INFO]    _____  _____  _____ 
2026-06-15 15:48:03 [INFO]   / ____|/ ____|/ ____|
2026-06-15 15:48:03 [INFO]  | |    | (___ | |        [CSC] Version: v1.21.26
2026-06-15 15:48:03 [INFO]  | |     \___ \| |        Minecraft Version: 1.21.1 neoforge
2026-06-15 15:48:03 [INFO]  | |____ ____) | |____    Problem/Feedback: Discord: https://discord.gg/rQV5JPauY7
2026-06-15 15:48:03 [INFO]   \_____|_____/ \_____|
2026-06-15 15:48:03 [INFO]                        
2026-06-15 15:52:41 [INFO] CSC close completely, thanks for using!
2026-06-15 16:05:33 [INFO] CSC is loading...   Success！
2026-06-15 16:06:15 [INFO]    _____  _____  _____ 
2026-06-15 16:06:15 [INFO]   / ____|/ ____|/ ____|
2026-06-15 16:06:15 [INFO]  | |    | (___ | |        [CSC] Version: v1.21.26
2026-06-15 16:06:15 [INFO]  | |     \___ \| |        Minecraft Version: 1.21.1 neoforge
2026-06-15 16:06:15 [INFO]  | |____ ____) | |____    Problem/Feedback: Discord: https://discord.gg/rQV5JPauY7
2026-06-15 16:06:15 [INFO]   \_____|_____/ \_____|
2026-06-15 16:06:15 [INFO]                        
2026-06-15 16:12:00 [INFO] CSC close completely, thanks for using!
2026-06-15 16:27:06 [INFO] CSC is loading...   Success！
2026-06-15 16:27:50 [INFO]    _____  _____  _____ 
2026-06-15 16:27:50 [INFO]   / ____|/ ____|/ ____|
2026-06-15 16:27:50 [INFO]  | |    | (___ | |        [CSC] Version: v1.21.26
2026-06-15 16:27:50 [INFO]  | |     \___ \| |        Minecraft Version: 1.21.1 neoforge
2026-06-15 16:27:50 [INFO]  | |____ ____) | |____    Problem/Feedback: Discord: https://discord.gg/rQV5JPauY7
2026-06-15 16:27:50 [INFO]   \_____|_____/ \_____|
2026-06-15 16:27:50 [INFO]                        
2026-06-15 16:28:37 [INFO] CSC close completely, thanks for using!
2026-06-15 17:04:01 [INFO] CSC is loading...   Success！
2026-06-15 17:04:54 [INFO]    _____  _____  _____ 
2026-06-15 17:04:54 [INFO]   / ____|/ ____|/ ____|
2026-06-15 17:04:54 [INFO]  | |    | (___ | |        [CSC] Version: v1.21.26
2026-06-15 17:04:54 [INFO]  | |     \___ \| |        Minecraft Version: 1.21.1 neoforge
2026-06-15 17:04:54 [INFO]  | |____ ____) | |____    Problem/Feedback: Discord: https://discord.gg/rQV5JPauY7
2026-06-15 17:04:54 [INFO]   \_____|_____/ \_____|
2026-06-15 17:04:54 [INFO]                        
2026-06-15 17:07:28 [INFO] CSC close completely, thanks for using!
2026-06-15 17:55:02 [INFO] CSC is loading...   Success！
2026-06-15 17:55:46 [INFO]    _____  _____  _____ 
2026-06-15 17:55:46 [INFO]   / ____|/ ____|/ ____|
2026-06-15 17:55:46 [INFO]  | |    | (___ | |        [CSC] Version: v1.21.26
2026-06-15 17:55:46 [INFO]  | |     \___ \| |        Minecraft Version: 1.21.1 neoforge
2026-06-15 17:55:46 [INFO]  | |____ ____) | |____    Problem/Feedback: Discord: https://discord.gg/rQV5JPauY7
2026-06-15 17:55:46 [INFO]   \_____|_____/ \_____|
2026-06-15 17:55:46 [INFO]                        
2026-06-15 17:57:31 [INFO] CSC close completely, thanks for using!
2026-06-15 18:42:11 [INFO] CSC is loading...   Success！
2026-06-15 18:42:56 [INFO]    _____  _____  _____ 
2026-06-15 18:42:56 [INFO]   / ____|/ ____|/ ____|
2026-06-15 18:42:56 [INFO]  | |    | (___ | |        [CSC] Version: v1.21.26
2026-06-15 18:42:56 [INFO]  | |     \___ \| |        Minecraft Version: 1.21.1 neoforge
2026-06-15 18:42:56 [INFO]  | |____ ____) | |____    Problem/Feedback: Discord: https://discord.gg/rQV5JPauY7
2026-06-15 18:42:56 [INFO]   \_____|_____/ \_____|
2026-06-15 18:42:56 [INFO]                        
2026-06-15 18:45:49 [INFO] CSC close completely, thanks for using!
2026-06-15 19:09:59 [INFO] CSC is loading...   Success！
2026-06-15 19:23:23 [INFO]    _____  _____  _____ 
2026-06-15 19:23:23 [INFO]   / ____|/ ____|/ ____|
2026-06-15 19:23:23 [INFO]  | |    | (___ | |        [CSC] Version: v1.21.26
2026-06-15 19:23:23 [INFO]  | |     \___ \| |        Minecraft Version: 1.21.1 neoforge
2026-06-15 19:23:23 [INFO]  | |____ ____) | |____    Problem/Feedback: Discord: https://discord.gg/rQV5JPauY7
2026-06-15 19:23:23 [INFO]   \_____|_____/ \_____|
2026-06-15 19:23:23 [INFO]                        
2026-06-15 19:26:09 [INFO] CSC close completely, thanks for using!
2026-06-15 22:47:01 [INFO] CSC is loading...   Success！
2026-06-15 22:48:26 [INFO]    _____  _____  _____ 
2026-06-15 22:48:26 [INFO]   / ____|/ ____|/ ____|
2026-06-15 22:48:26 [INFO]  | |    | (___ | |        [CSC] Version: v1.21.26
2026-06-15 22:48:26 [INFO]  | |     \___ \| |        Minecraft Version: 1.21.1 neoforge
2026-06-15 22:48:26 [INFO]  | |____ ____) | |____    Problem/Feedback: Discord: https://discord.gg/rQV5JPauY7
2026-06-15 22:48:26 [INFO]   \_____|_____/ \_____|
2026-06-15 22:48:26 [INFO]                        
2026-06-15 22:51:33 [INFO] CSC close completely, thanks for using!
2026-06-15 23:41:43 [INFO] CSC is loading...   Success！
2026-06-15 23:42:37 [INFO]    _____  _____  _____ 
2026-06-15 23:42:37 [INFO]   / ____|/ ____|/ ____|
2026-06-15 23:42:37 [INFO]  | |    | (___ | |        [CSC] Version: v1.21.26
2026-06-15 23:42:37 [INFO]  | |     \___ \| |        Minecraft Version: 1.21.1 neoforge
2026-06-15 23:42:37 [INFO]  | |____ ____) | |____    Problem/Feedback: Discord: https://discord.gg/rQV5JPauY7
2026-06-15 23:42:37 [INFO]   \_____|_____/ \_____|
2026-06-15 23:42:37 [INFO]                        
2026-06-15 23:54:44 [INFO] CSC close completely, thanks for using!
2026-06-16 00:20:43 [INFO] CSC is loading...   Success！
2026-06-16 00:21:28 [INFO]    _____  _____  _____ 
2026-06-16 00:21:28 [INFO]   / ____|/ ____|/ ____|
2026-06-16 00:21:28 [INFO]  | |    | (___ | |        [CSC] Version: v1.21.26
2026-06-16 00:21:28 [INFO]  | |     \___ \| |        Minecraft Version: 1.21.1 neoforge
2026-06-16 00:21:28 [INFO]  | |____ ____) | |____    Problem/Feedback: Discord: https://discord.gg/rQV5JPauY7
2026-06-16 00:21:28 [INFO]   \_____|_____/ \_____|
2026-06-16 00:21:28 [INFO]                        
2026-06-16 00:23:02 [INFO] CSC close completely, thanks for using!
2026-06-16 00:27:02 [INFO] CSC is loading...   Success！
2026-06-16 00:27:49 [INFO]    _____  _____  _____ 
2026-06-16 00:27:49 [INFO]   / ____|/ ____|/ ____|
2026-06-16 00:27:49 [INFO]  | |    | (___ | |        [CSC] Version: v1.21.26
2026-06-16 00:27:49 [INFO]  | |     \___ \| |        Minecraft Version: 1.21.1 neoforge
2026-06-16 00:27:49 [INFO]  | |____ ____) | |____    Problem/Feedback: Discord: https://discord.gg/rQV5JPauY7
2026-06-16 00:27:49 [INFO]   \_____|_____/ \_____|
2026-06-16 00:27:49 [INFO]                        
2026-06-16 00:29:05 [INFO] CSC close completely, thanks for using!
2026-06-16 00:32:59 [INFO] CSC is loading...   Success！
2026-06-16 00:33:46 [INFO]    _____  _____  _____ 
2026-06-16 00:33:46 [INFO]   / ____|/ ____|/ ____|
2026-06-16 00:33:46 [INFO]  | |    | (___ | |        [CSC] Version: v1.21.26
2026-06-16 00:33:46 [INFO]  | |     \___ \| |        Minecraft Version: 1.21.1 neoforge
2026-06-16 00:33:46 [INFO]  | |____ ____) | |____    Problem/Feedback: Discord: https://discord.gg/rQV5JPauY7
2026-06-16 00:33:46 [INFO]   \_____|_____/ \_____|
2026-06-16 00:33:46 [INFO]                        
2026-06-16 00:35:44 [INFO] CSC close completely, thanks for using!
2026-06-16 05:04:17 [INFO] CSC is loading...   Success！
2026-06-16 05:09:37 [INFO] CSC is loading...   Success！
2026-06-16 05:14:55 [INFO] CSC is loading...   Success！
2026-06-16 05:15:37 [INFO]    _____  _____  _____ 
2026-06-16 05:15:37 [INFO]   / ____|/ ____|/ ____|
2026-06-16 05:15:37 [INFO]  | |    | (___ | |        [CSC] Version: v1.21.26
2026-06-16 05:15:37 [INFO]  | |     \___ \| |        Minecraft Version: 1.21.1 neoforge
2026-06-16 05:15:37 [INFO]  | |____ ____) | |____    Problem/Feedback: Discord: https://discord.gg/rQV5JPauY7
2026-06-16 05:15:37 [INFO]   \_____|_____/ \_____|
2026-06-16 05:15:37 [INFO]                        
2026-06-16 05:21:18 [INFO] CSC close completely, thanks for using!
2026-06-16 20:47:57 [INFO] CSC is loading...   Success！
2026-06-16 20:48:50 [INFO]    _____  _____  _____ 
2026-06-16 20:48:50 [INFO]   / ____|/ ____|/ ____|
2026-06-16 20:48:50 [INFO]  | |    | (___ | |        [CSC] Version: v1.21.26
2026-06-16 20:48:50 [INFO]  | |     \___ \| |        Minecraft Version: 1.21.1 neoforge
2026-06-16 20:48:50 [INFO]  | |____ ____) | |____    Problem/Feedback: Discord: https://discord.gg/rQV5JPauY7
2026-06-16 20:48:50 [INFO]   \_____|_____/ \_____|
2026-06-16 20:48:50 [INFO]                        
2026-06-16 20:49:48 [INFO] CSC close completely, thanks for using!
2026-06-16 20:55:26 [INFO] CSC is loading...   Success！
2026-06-16 20:56:41 [INFO]    _____  _____  _____ 
2026-06-16 20:56:41 [INFO]   / ____|/ ____|/ ____|
2026-06-16 20:56:41 [INFO]  | |    | (___ | |        [CSC] Version: v1.21.26
2026-06-16 20:56:41 [INFO]  | |     \___ \| |        Minecraft Version: 1.21.1 neoforge
2026-06-16 20:56:41 [INFO]  | |____ ____) | |____    Problem/Feedback: Discord: https://discord.gg/rQV5JPauY7
2026-06-16 20:56:41 [INFO]   \_____|_____/ \_____|
2026-06-16 20:56:41 [INFO]                        
2026-06-16 20:58:04 [INFO] CSC close completely, thanks for using!
2026-06-16 21:08:45 [INFO] CSC is loading...   Success！
2026-06-16 21:09:29 [INFO]    _____  _____  _____ 
2026-06-16 21:09:29 [INFO]   / ____|/ ____|/ ____|
2026-06-16 21:09:29 [INFO]  | |    | (___ | |        [CSC] Version: v1.21.26
2026-06-16 21:09:29 [INFO]  | |     \___ \| |        Minecraft Version: 1.21.1 neoforge
2026-06-16 21:09:29 [INFO]  | |____ ____) | |____    Problem/Feedback: Discord: https://discord.gg/rQV5JPauY7
2026-06-16 21:09:29 [INFO]   \_____|_____/ \_____|
2026-06-16 21:09:29 [INFO]                        
2026-06-16 21:15:22 [INFO] CSC close completely, thanks for using!
2026-06-17 07:26:43 [INFO] CSC is loading...   Success！
2026-06-17 07:27:36 [INFO]    _____  _____  _____ 
2026-06-17 07:27:36 [INFO]   / ____|/ ____|/ ____|
2026-06-17 07:27:36 [INFO]  | |    | (___ | |        [CSC] Version: v1.21.26
2026-06-17 07:27:36 [INFO]  | |     \___ \| |        Minecraft Version: 1.21.1 neoforge
2026-06-17 07:27:36 [INFO]  | |____ ____) | |____    Problem/Feedback: Discord: https://discord.gg/rQV5JPauY7
2026-06-17 07:27:36 [INFO]   \_____|_____/ \_____|
2026-06-17 07:27:36 [INFO]                        
2026-06-17 07:29:57 [INFO] CSC close completely, thanks for using!
2026-06-17 07:33:59 [INFO] CSC is loading...   Success！
2026-06-17 07:34:57 [INFO]    _____  _____  _____ 
2026-06-17 07:34:57 [INFO]   / ____|/ ____|/ ____|
2026-06-17 07:34:57 [INFO]  | |    | (___ | |        [CSC] Version: v1.21.26
2026-06-17 07:34:57 [INFO]  | |     \___ \| |        Minecraft Version: 1.21.1 neoforge
2026-06-17 07:34:57 [INFO]  | |____ ____) | |____    Problem/Feedback: Discord: https://discord.gg/rQV5JPauY7
2026-06-17 07:34:57 [INFO]   \_____|_____/ \_____|
2026-06-17 07:34:57 [INFO]                        
2026-06-17 07:36:27 [INFO] CSC close completely, thanks for using!
2026-06-17 07:37:24 [INFO] CSC is loading...   Success！
2026-06-17 07:38:26 [INFO]    _____  _____  _____ 
2026-06-17 07:38:26 [INFO]   / ____|/ ____|/ ____|
2026-06-17 07:38:26 [INFO]  | |    | (___ | |        [CSC] Version: v1.21.26
2026-06-17 07:38:26 [INFO]  | |     \___ \| |        Minecraft Version: 1.21.1 neoforge
2026-06-17 07:38:26 [INFO]  | |____ ____) | |____    Problem/Feedback: Discord: https://discord.gg/rQV5JPauY7
2026-06-17 07:38:26 [INFO]   \_____|_____/ \_____|
2026-06-17 07:38:26 [INFO]                        
2026-06-17 07:38:57 [INFO] CSC close completely, thanks for using!
2026-06-17 16:15:42 [INFO] CSC is loading...   Success！
2026-06-17 16:16:25 [INFO]    _____  _____  _____ 
2026-06-17 16:16:25 [INFO]   / ____|/ ____|/ ____|
2026-06-17 16:16:25 [INFO]  | |    | (___ | |        [CSC] Version: v1.21.26
2026-06-17 16:16:25 [INFO]  | |     \___ \| |        Minecraft Version: 1.21.1 neoforge
2026-06-17 16:16:25 [INFO]  | |____ ____) | |____    Problem/Feedback: Discord: https://discord.gg/rQV5JPauY7
2026-06-17 16:16:25 [INFO]   \_____|_____/ \_____|
2026-06-17 16:16:25 [INFO]                        
2026-06-17 16:18:46 [INFO] CSC close completely, thanks for using!
2026-06-17 16:26:10 [INFO] CSC is loading...   Success！
2026-06-17 16:26:56 [INFO]    _____  _____  _____ 
2026-06-17 16:26:56 [INFO]   / ____|/ ____|/ ____|
2026-06-17 16:26:56 [INFO]  | |    | (___ | |        [CSC] Version: v1.21.26
2026-06-17 16:26:56 [INFO]  | |     \___ \| |        Minecraft Version: 1.21.1 neoforge
2026-06-17 16:26:56 [INFO]  | |____ ____) | |____    Problem/Feedback: Discord: https://discord.gg/rQV5JPauY7
2026-06-17 16:26:56 [INFO]   \_____|_____/ \_____|
2026-06-17 16:26:56 [INFO]                        
2026-06-17 16:32:50 [INFO] CSC close completely, thanks for using!
2026-06-17 16:55:42 [INFO] CSC is loading...   Success！
2026-06-17 17:00:25 [INFO]    _____  _____  _____ 
2026-06-17 17:00:25 [INFO]   / ____|/ ____|/ ____|
2026-06-17 17:00:25 [INFO]  | |    | (___ | |        [CSC] Version: v1.21.26
2026-06-17 17:00:25 [INFO]  | |     \___ \| |        Minecraft Version: 1.21.1 neoforge
2026-06-17 17:00:25 [INFO]  | |____ ____) | |____    Problem/Feedback: Discord: https://discord.gg/rQV5JPauY7
2026-06-17 17:00:25 [INFO]   \_____|_____/ \_____|
2026-06-17 17:00:25 [INFO]                        
2026-06-17 17:01:59 [INFO] CSC close completely, thanks for using!
2026-06-17 17:09:33 [INFO] CSC is loading...   Success！
2026-06-17 17:10:18 [INFO]    _____  _____  _____ 
2026-06-17 17:10:18 [INFO]   / ____|/ ____|/ ____|
2026-06-17 17:10:18 [INFO]  | |    | (___ | |        [CSC] Version: v1.21.26
2026-06-17 17:10:18 [INFO]  | |     \___ \| |        Minecraft Version: 1.21.1 neoforge
2026-06-17 17:10:18 [INFO]  | |____ ____) | |____    Problem/Feedback: Discord: https://discord.gg/rQV5JPauY7
2026-06-17 17:10:18 [INFO]   \_____|_____/ \_____|
2026-06-17 17:10:18 [INFO]                        
2026-06-17 17:11:48 [INFO] CSC close completely, thanks for using!
2026-06-17 17:15:18 [INFO] CSC is loading...   Success！
2026-06-17 17:16:08 [INFO]    _____  _____  _____ 
2026-06-17 17:16:08 [INFO]   / ____|/ ____|/ ____|
2026-06-17 17:16:08 [INFO]  | |    | (___ | |        [CSC] Version: v1.21.26
2026-06-17 17:16:08 [INFO]  | |     \___ \| |        Minecraft Version: 1.21.1 neoforge
2026-06-17 17:16:08 [INFO]  | |____ ____) | |____    Problem/Feedback: Discord: https://discord.gg/rQV5JPauY7
2026-06-17 17:16:08 [INFO]   \_____|_____/ \_____|
2026-06-17 17:16:08 [INFO]                        
2026-06-17 17:17:29 [INFO] CSC close completely, thanks for using!
2026-06-17 17:25:19 [INFO] CSC is loading...   Success！
2026-06-17 17:26:31 [INFO]    _____  _____  _____ 
2026-06-17 17:26:31 [INFO]   / ____|/ ____|/ ____|
2026-06-17 17:26:31 [INFO]  | |    | (___ | |        [CSC] Version: v1.21.26
2026-06-17 17:26:31 [INFO]  | |     \___ \| |        Minecraft Version: 1.21.1 neoforge
2026-06-17 17:26:31 [INFO]  | |____ ____) | |____    Problem/Feedback: Discord: https://discord.gg/rQV5JPauY7
2026-06-17 17:26:31 [INFO]   \_____|_____/ \_____|
2026-06-17 17:26:31 [INFO]                        
2026-06-17 17:27:55 [INFO] CSC close completely, thanks for using!
2026-06-17 17:31:35 [INFO] CSC is loading...   Success！
2026-06-17 17:32:43 [INFO]    _____  _____  _____ 
2026-06-17 17:32:43 [INFO]   / ____|/ ____|/ ____|
2026-06-17 17:32:43 [INFO]  | |    | (___ | |        [CSC] Version: v1.21.26
2026-06-17 17:32:43 [INFO]  | |     \___ \| |        Minecraft Version: 1.21.1 neoforge
2026-06-17 17:32:43 [INFO]  | |____ ____) | |____    Problem/Feedback: Discord: https://discord.gg/rQV5JPauY7
2026-06-17 17:32:43 [INFO]   \_____|_____/ \_____|
2026-06-17 17:32:43 [INFO]                        
2026-06-17 17:34:33 [INFO] CSC close completely, thanks for using!
2026-06-17 17:38:11 [INFO] CSC is loading...   Success！
2026-06-17 17:39:02 [INFO]    _____  _____  _____ 
2026-06-17 17:39:02 [INFO]   / ____|/ ____|/ ____|
2026-06-17 17:39:02 [INFO]  | |    | (___ | |        [CSC] Version: v1.21.26
2026-06-17 17:39:02 [INFO]  | |     \___ \| |        Minecraft Version: 1.21.1 neoforge
2026-06-17 17:39:02 [INFO]  | |____ ____) | |____    Problem/Feedback: Discord: https://discord.gg/rQV5JPauY7
2026-06-17 17:39:02 [INFO]   \_____|_____/ \_____|
2026-06-17 17:39:02 [INFO]                        
2026-06-17 17:39:57 [INFO] CSC close completely, thanks for using!
2026-06-17 17:44:48 [INFO] CSC is loading...   Success！
2026-06-17 17:45:47 [INFO]    _____  _____  _____ 
2026-06-17 17:45:47 [INFO]   / ____|/ ____|/ ____|
2026-06-17 17:45:47 [INFO]  | |    | (___ | |        [CSC] Version: v1.21.26
2026-06-17 17:45:47 [INFO]  | |     \___ \| |        Minecraft Version: 1.21.1 neoforge
2026-06-17 17:45:47 [INFO]  | |____ ____) | |____    Problem/Feedback: Discord: https://discord.gg/rQV5JPauY7
2026-06-17 17:45:47 [INFO]   \_____|_____/ \_____|
2026-06-17 17:45:47 [INFO]                        
2026-06-17 17:46:35 [INFO] CSC close completely, thanks for using!
2026-06-17 17:51:19 [INFO] CSC is loading...   Success！
2026-06-17 17:52:07 [INFO]    _____  _____  _____ 
2026-06-17 17:52:07 [INFO]   / ____|/ ____|/ ____|
2026-06-17 17:52:07 [INFO]  | |    | (___ | |        [CSC] Version: v1.21.26
2026-06-17 17:52:07 [INFO]  | |     \___ \| |        Minecraft Version: 1.21.1 neoforge
2026-06-17 17:52:07 [INFO]  | |____ ____) | |____    Problem/Feedback: Discord: https://discord.gg/rQV5JPauY7
2026-06-17 17:52:07 [INFO]   \_____|_____/ \_____|
2026-06-17 17:52:07 [INFO]                        
2026-06-17 17:53:19 [INFO] CSC close completely, thanks for using!
2026-06-17 18:18:40 [INFO] CSC is loading...   Success！
2026-06-17 18:19:28 [INFO]    _____  _____  _____ 
2026-06-17 18:19:28 [INFO]   / ____|/ ____|/ ____|
2026-06-17 18:19:28 [INFO]  | |    | (___ | |        [CSC] Version: v1.21.26
2026-06-17 18:19:28 [INFO]  | |     \___ \| |        Minecraft Version: 1.21.1 neoforge
2026-06-17 18:19:28 [INFO]  | |____ ____) | |____    Problem/Feedback: Discord: https://discord.gg/rQV5JPauY7
2026-06-17 18:19:28 [INFO]   \_____|_____/ \_____|
2026-06-17 18:19:28 [INFO]                        
2026-06-17 18:22:49 [INFO] CSC close completely, thanks for using!
2026-06-17 18:23:48 [INFO] CSC is loading...   Success！
2026-06-17 18:24:46 [INFO]    _____  _____  _____ 
2026-06-17 18:24:46 [INFO]   / ____|/ ____|/ ____|
2026-06-17 18:24:46 [INFO]  | |    | (___ | |        [CSC] Version: v1.21.26
2026-06-17 18:24:46 [INFO]  | |     \___ \| |        Minecraft Version: 1.21.1 neoforge
2026-06-17 18:24:46 [INFO]  | |____ ____) | |____    Problem/Feedback: Discord: https://discord.gg/rQV5JPauY7
2026-06-17 18:24:46 [INFO]   \_____|_____/ \_____|
2026-06-17 18:24:46 [INFO]                        
2026-06-17 18:34:19 [INFO] CSC close completely, thanks for using!
2026-06-18 04:59:45 [INFO] CSC is loading...   Success！
2026-06-18 05:00:35 [INFO]    _____  _____  _____ 
2026-06-18 05:00:35 [INFO]   / ____|/ ____|/ ____|
2026-06-18 05:00:35 [INFO]  | |    | (___ | |        [CSC] Version: v1.21.26
2026-06-18 05:00:35 [INFO]  | |     \___ \| |        Minecraft Version: 1.21.1 neoforge
2026-06-18 05:00:35 [INFO]  | |____ ____) | |____    Problem/Feedback: Discord: https://discord.gg/rQV5JPauY7
2026-06-18 05:00:35 [INFO]   \_____|_____/ \_____|
2026-06-18 05:00:35 [INFO]                        
2026-06-18 05:02:42 [INFO] CSC close completely, thanks for using!
2026-06-18 05:13:40 [INFO] CSC is loading...   Success！
2026-06-18 05:14:47 [INFO]    _____  _____  _____ 
2026-06-18 05:14:47 [INFO]   / ____|/ ____|/ ____|
2026-06-18 05:14:47 [INFO]  | |    | (___ | |        [CSC] Version: v1.21.26
2026-06-18 05:14:47 [INFO]  | |     \___ \| |        Minecraft Version: 1.21.1 neoforge
2026-06-18 05:14:47 [INFO]  | |____ ____) | |____    Problem/Feedback: Discord: https://discord.gg/rQV5JPauY7
2026-06-18 05:14:47 [INFO]   \_____|_____/ \_____|
2026-06-18 05:14:47 [INFO]                        
2026-06-18 05:17:39 [INFO] CSC close completely, thanks for using!
2026-06-18 05:20:58 [INFO] CSC is loading...   Success！
2026-06-18 05:22:41 [INFO]    _____  _____  _____ 
2026-06-18 05:22:41 [INFO]   / ____|/ ____|/ ____|
2026-06-18 05:22:41 [INFO]  | |    | (___ | |        [CSC] Version: v1.21.26
2026-06-18 05:22:41 [INFO]  | |     \___ \| |        Minecraft Version: 1.21.1 neoforge
2026-06-18 05:22:41 [INFO]  | |____ ____) | |____    Problem/Feedback: Discord: https://discord.gg/rQV5JPauY7
2026-06-18 05:22:41 [INFO]   \_____|_____/ \_____|
2026-06-18 05:22:41 [INFO]                        
2026-06-18 05:26:45 [INFO] CSC close completely, thanks for using!
2026-06-18 05:38:30 [INFO] CSC is loading...   Success！
2026-06-18 05:39:17 [INFO]    _____  _____  _____ 
2026-06-18 05:39:17 [INFO]   / ____|/ ____|/ ____|
2026-06-18 05:39:17 [INFO]  | |    | (___ | |        [CSC] Version: v1.21.26
2026-06-18 05:39:17 [INFO]  | |     \___ \| |        Minecraft Version: 1.21.1 neoforge
2026-06-18 05:39:17 [INFO]  | |____ ____) | |____    Problem/Feedback: Discord: https://discord.gg/rQV5JPauY7
2026-06-18 05:39:17 [INFO]   \_____|_____/ \_____|
2026-06-18 05:39:17 [INFO]                        
2026-06-18 05:42:02 [INFO] CSC close completely, thanks for using!
2026-06-18 05:44:32 [INFO] CSC is loading...   Success！
2026-06-18 05:46:51 [INFO]    _____  _____  _____ 
2026-06-18 05:46:51 [INFO]   / ____|/ ____|/ ____|
2026-06-18 05:46:51 [INFO]  | |    | (___ | |        [CSC] Version: v1.21.26
2026-06-18 05:46:51 [INFO]  | |     \___ \| |        Minecraft Version: 1.21.1 neoforge
2026-06-18 05:46:51 [INFO]  | |____ ____) | |____    Problem/Feedback: Discord: https://discord.gg/rQV5JPauY7
2026-06-18 05:46:51 [INFO]   \_____|_____/ \_____|
2026-06-18 05:46:51 [INFO]                        
2026-06-18 05:47:21 [INFO] CSC close completely, thanks for using!
2026-06-18 05:52:50 [INFO] CSC is loading...   Success！
2026-06-18 05:53:49 [INFO]    _____  _____  _____ 
2026-06-18 05:53:49 [INFO]   / ____|/ ____|/ ____|
2026-06-18 05:53:49 [INFO]  | |    | (___ | |        [CSC] Version: v1.21.26
2026-06-18 05:53:49 [INFO]  | |     \___ \| |        Minecraft Version: 1.21.1 neoforge
2026-06-18 05:53:49 [INFO]  | |____ ____) | |____    Problem/Feedback: Discord: https://discord.gg/rQV5JPauY7
2026-06-18 05:53:49 [INFO]   \_____|_____/ \_____|
2026-06-18 05:53:49 [INFO]                        
2026-06-18 05:55:05 [INFO] CSC close completely, thanks for using!
2026-06-18 06:07:09 [INFO] CSC is loading...   Success！
2026-06-18 06:09:38 [INFO]    _____  _____  _____ 
2026-06-18 06:09:38 [INFO]   / ____|/ ____|/ ____|
2026-06-18 06:09:38 [INFO]  | |    | (___ | |        [CSC] Version: v1.21.26
2026-06-18 06:09:38 [INFO]  | |     \___ \| |        Minecraft Version: 1.21.1 neoforge
2026-06-18 06:09:38 [INFO]  | |____ ____) | |____    Problem/Feedback: Discord: https://discord.gg/rQV5JPauY7
2026-06-18 06:09:38 [INFO]   \_____|_____/ \_____|
2026-06-18 06:09:38 [INFO]                        
2026-06-18 06:10:12 [INFO] CSC close completely, thanks for using!
2026-06-18 06:14:36 [INFO] CSC is loading...   Success！
2026-06-18 06:16:17 [INFO]    _____  _____  _____ 
2026-06-18 06:16:17 [INFO]   / ____|/ ____|/ ____|
2026-06-18 06:16:17 [INFO]  | |    | (___ | |        [CSC] Version: v1.21.26
2026-06-18 06:16:17 [INFO]  | |     \___ \| |        Minecraft Version: 1.21.1 neoforge
2026-06-18 06:16:17 [INFO]  | |____ ____) | |____    Problem/Feedback: Discord: https://discord.gg/rQV5JPauY7
2026-06-18 06:16:17 [INFO]   \_____|_____/ \_____|
2026-06-18 06:16:17 [INFO]                        
2026-06-18 06:16:42 [INFO] CSC close completely, thanks for using!
2026-06-18 06:19:05 [INFO] CSC is loading...   Success！
2026-06-18 06:23:23 [INFO]    _____  _____  _____ 
2026-06-18 06:23:23 [INFO]   / ____|/ ____|/ ____|
2026-06-18 06:23:23 [INFO]  | |    | (___ | |        [CSC] Version: v1.21.26
2026-06-18 06:23:23 [INFO]  | |     \___ \| |        Minecraft Version: 1.21.1 neoforge
2026-06-18 06:23:23 [INFO]  | |____ ____) | |____    Problem/Feedback: Discord: https://discord.gg/rQV5JPauY7
2026-06-18 06:23:23 [INFO]   \_____|_____/ \_____|
2026-06-18 06:23:23 [INFO]                        
2026-06-18 06:31:45 [INFO] CSC close completely, thanks for using!
2026-06-18 07:00:37 [INFO] CSC is loading...   Success！
2026-06-18 07:04:07 [INFO]    _____  _____  _____ 
2026-06-18 07:04:07 [INFO]   / ____|/ ____|/ ____|
2026-06-18 07:04:07 [INFO]  | |    | (___ | |        [CSC] Version: v1.21.26
2026-06-18 07:04:07 [INFO]  | |     \___ \| |        Minecraft Version: 1.21.1 neoforge
2026-06-18 07:04:07 [INFO]  | |____ ____) | |____    Problem/Feedback: Discord: https://discord.gg/rQV5JPauY7
2026-06-18 07:04:07 [INFO]   \_____|_____/ \_____|
2026-06-18 07:04:07 [INFO]                        
2026-06-18 07:07:04 [INFO] CSC close completely, thanks for using!
2026-06-18 07:09:34 [INFO] CSC is loading...   Success！
2026-06-18 07:13:27 [INFO]    _____  _____  _____ 
2026-06-18 07:13:27 [INFO]   / ____|/ ____|/ ____|
2026-06-18 07:13:27 [INFO]  | |    | (___ | |        [CSC] Version: v1.21.26
2026-06-18 07:13:27 [INFO]  | |     \___ \| |        Minecraft Version: 1.21.1 neoforge
2026-06-18 07:13:27 [INFO]  | |____ ____) | |____    Problem/Feedback: Discord: https://discord.gg/rQV5JPauY7
2026-06-18 07:13:27 [INFO]   \_____|_____/ \_____|
2026-06-18 07:13:27 [INFO]                        
2026-06-18 07:16:15 [INFO] CSC close completely, thanks for using!
2026-06-18 07:19:19 [INFO] CSC is loading...   Success！
2026-06-18 07:20:18 [INFO]    _____  _____  _____ 
2026-06-18 07:20:18 [INFO]   / ____|/ ____|/ ____|
2026-06-18 07:20:18 [INFO]  | |    | (___ | |        [CSC] Version: v1.21.26
2026-06-18 07:20:18 [INFO]  | |     \___ \| |        Minecraft Version: 1.21.1 neoforge
2026-06-18 07:20:18 [INFO]  | |____ ____) | |____    Problem/Feedback: Discord: https://discord.gg/rQV5JPauY7
2026-06-18 07:20:18 [INFO]   \_____|_____/ \_____|
2026-06-18 07:20:18 [INFO]                        
2026-06-18 07:22:05 [INFO] CSC close completely, thanks for using!
2026-06-18 09:05:06 [INFO] CSC is loading...   Success！
2026-06-18 09:05:57 [INFO]    _____  _____  _____ 
2026-06-18 09:05:57 [INFO]   / ____|/ ____|/ ____|
2026-06-18 09:05:57 [INFO]  | |    | (___ | |        [CSC] Version: v1.21.26
2026-06-18 09:05:57 [INFO]  | |     \___ \| |        Minecraft Version: 1.21.1 neoforge
2026-06-18 09:05:57 [INFO]  | |____ ____) | |____    Problem/Feedback: Discord: https://discord.gg/rQV5JPauY7
2026-06-18 09:05:57 [INFO]   \_____|_____/ \_____|
2026-06-18 09:05:57 [INFO]                        
2026-06-18 09:09:27 [INFO] CSC close completely, thanks for using!
2026-06-22 23:45:45 [INFO] CSC is loading...   Success！
2026-06-22 23:46:34 [INFO]    _____  _____  _____ 
2026-06-22 23:46:34 [INFO]   / ____|/ ____|/ ____|
2026-06-22 23:46:34 [INFO]  | |    | (___ | |        [CSC] Version: v1.21.26
2026-06-22 23:46:34 [INFO]  | |     \___ \| |        Minecraft Version: 1.21.1 neoforge
2026-06-22 23:46:34 [INFO]  | |____ ____) | |____    Problem/Feedback: Discord: https://discord.gg/rQV5JPauY7
2026-06-22 23:46:34 [INFO]   \_____|_____/ \_____|
2026-06-22 23:46:34 [INFO]                        
2026-06-22 23:46:43 [INFO] CSC close completely, thanks for using!
2026-06-22 23:52:39 [INFO] CSC is loading...   Success！
2026-06-22 23:53:35 [INFO]    _____  _____  _____ 
2026-06-22 23:53:35 [INFO]   / ____|/ ____|/ ____|
2026-06-22 23:53:35 [INFO]  | |    | (___ | |        [CSC] Version: v1.21.26
2026-06-22 23:53:35 [INFO]  | |     \___ \| |        Minecraft Version: 1.21.1 neoforge
2026-06-22 23:53:35 [INFO]  | |____ ____) | |____    Problem/Feedback: Discord: https://discord.gg/rQV5JPauY7
2026-06-22 23:53:35 [INFO]   \_____|_____/ \_____|
2026-06-22 23:53:35 [INFO]                        
2026-06-23 00:05:40 [INFO] CSC close completely, thanks for using!
2026-06-23 00:20:13 [INFO] CSC is loading...   Success！
2026-06-23 00:21:16 [INFO]    _____  _____  _____ 
2026-06-23 00:21:16 [INFO]   / ____|/ ____|/ ____|
2026-06-23 00:21:16 [INFO]  | |    | (___ | |        [CSC] Version: v1.21.26
2026-06-23 00:21:16 [INFO]  | |     \___ \| |        Minecraft Version: 1.21.1 neoforge
2026-06-23 00:21:16 [INFO]  | |____ ____) | |____    Problem/Feedback: Discord: https://discord.gg/rQV5JPauY7
2026-06-23 00:21:16 [INFO]   \_____|_____/ \_____|
2026-06-23 00:21:16 [INFO]                        
2026-06-23 00:23:34 [INFO] CSC close completely, thanks for using!
2026-06-23 00:25:37 [INFO] CSC is loading...   Success！
2026-06-23 00:27:02 [INFO]    _____  _____  _____ 
2026-06-23 00:27:02 [INFO]   / ____|/ ____|/ ____|
2026-06-23 00:27:02 [INFO]  | |    | (___ | |        [CSC] Version: v1.21.26
2026-06-23 00:27:02 [INFO]  | |     \___ \| |        Minecraft Version: 1.21.1 neoforge
2026-06-23 00:27:02 [INFO]  | |____ ____) | |____    Problem/Feedback: Discord: https://discord.gg/rQV5JPauY7
2026-06-23 00:27:02 [INFO]   \_____|_____/ \_____|
2026-06-23 00:27:02 [INFO]                        
2026-06-23 00:55:25 [INFO] CSC close completely, thanks for using!
2026-06-23 00:57:44 [INFO] CSC is loading...   Success！
2026-06-23 00:59:59 [INFO]    _____  _____  _____ 
2026-06-23 00:59:59 [INFO]   / ____|/ ____|/ ____|
2026-06-23 00:59:59 [INFO]  | |    | (___ | |        [CSC] Version: v1.21.26
2026-06-23 00:59:59 [INFO]  | |     \___ \| |        Minecraft Version: 1.21.1 neoforge
2026-06-23 00:59:59 [INFO]  | |____ ____) | |____    Problem/Feedback: Discord: https://discord.gg/rQV5JPauY7
2026-06-23 00:59:59 [INFO]   \_____|_____/ \_____|
2026-06-23 00:59:59 [INFO]                        
2026-06-23 01:11:15 [INFO] CSC close completely, thanks for using!
2026-06-23 01:13:53 [INFO] CSC is loading...   Success！
2026-06-23 01:14:40 [INFO]    _____  _____  _____ 
2026-06-23 01:14:40 [INFO]   / ____|/ ____|/ ____|
2026-06-23 01:14:40 [INFO]  | |    | (___ | |        [CSC] Version: v1.21.26
2026-06-23 01:14:40 [INFO]  | |     \___ \| |        Minecraft Version: 1.21.1 neoforge
2026-06-23 01:14:40 [INFO]  | |____ ____) | |____    Problem/Feedback: Discord: https://discord.gg/rQV5JPauY7
2026-06-23 01:14:40 [INFO]   \_____|_____/ \_____|
2026-06-23 01:14:40 [INFO]                        
2026-06-23 01:15:53 [INFO] CSC close completely, thanks for using!
2026-06-23 01:40:54 [INFO] CSC is loading...   Success！
2026-06-23 01:41:40 [INFO]    _____  _____  _____ 
2026-06-23 01:41:40 [INFO]   / ____|/ ____|/ ____|
2026-06-23 01:41:40 [INFO]  | |    | (___ | |        [CSC] Version: v1.21.26
2026-06-23 01:41:40 [INFO]  | |     \___ \| |        Minecraft Version: 1.21.1 neoforge
2026-06-23 01:41:40 [INFO]  | |____ ____) | |____    Problem/Feedback: Discord: https://discord.gg/rQV5JPauY7
2026-06-23 01:41:40 [INFO]   \_____|_____/ \_____|
2026-06-23 01:41:40 [INFO]                        
2026-06-23 01:59:50 [INFO] CSC close completely, thanks for using!
2026-06-23 07:49:22 [INFO] CSC is loading...   Success！
2026-06-23 07:50:10 [INFO]    _____  _____  _____ 
2026-06-23 07:50:10 [INFO]   / ____|/ ____|/ ____|
2026-06-23 07:50:10 [INFO]  | |    | (___ | |        [CSC] Version: v1.21.26
2026-06-23 07:50:10 [INFO]  | |     \___ \| |        Minecraft Version: 1.21.1 neoforge
2026-06-23 07:50:10 [INFO]  | |____ ____) | |____    Problem/Feedback: Discord: https://discord.gg/rQV5JPauY7
2026-06-23 07:50:10 [INFO]   \_____|_____/ \_____|
2026-06-23 07:50:10 [INFO]                        
2026-06-23 07:57:45 [INFO] CSC close completely, thanks for using!
2026-06-23 08:16:41 [INFO] CSC is loading...   Success！
2026-06-23 08:17:24 [INFO]    _____  _____  _____ 
2026-06-23 08:17:24 [INFO]   / ____|/ ____|/ ____|
2026-06-23 08:17:24 [INFO]  | |    | (___ | |        [CSC] Version: v1.21.26
2026-06-23 08:17:24 [INFO]  | |     \___ \| |        Minecraft Version: 1.21.1 neoforge
2026-06-23 08:17:24 [INFO]  | |____ ____) | |____    Problem/Feedback: Discord: https://discord.gg/rQV5JPauY7
2026-06-23 08:17:24 [INFO]   \_____|_____/ \_____|
2026-06-23 08:17:24 [INFO]                        
2026-06-23 08:21:48 [INFO] CSC close completely, thanks for using!
2026-06-23 18:11:01 [INFO] CSC is loading...   Success！
2026-06-23 18:17:53 [INFO]    _____  _____  _____ 
2026-06-23 18:17:53 [INFO]   / ____|/ ____|/ ____|
2026-06-23 18:17:53 [INFO]  | |    | (___ | |        [CSC] Version: v1.21.26
2026-06-23 18:17:53 [INFO]  | |     \___ \| |        Minecraft Version: 1.21.1 neoforge
2026-06-23 18:17:53 [INFO]  | |____ ____) | |____    Problem/Feedback: Discord: https://discord.gg/rQV5JPauY7
2026-06-23 18:17:53 [INFO]   \_____|_____/ \_____|
2026-06-23 18:17:53 [INFO]                        
2026-06-23 18:19:34 [INFO] CSC close completely, thanks for using!
2026-06-23 18:24:13 [INFO] CSC is loading...   Success！
2026-06-23 18:25:07 [INFO]    _____  _____  _____ 
2026-06-23 18:25:07 [INFO]   / ____|/ ____|/ ____|
2026-06-23 18:25:07 [INFO]  | |    | (___ | |        [CSC] Version: v1.21.26
2026-06-23 18:25:07 [INFO]  | |     \___ \| |        Minecraft Version: 1.21.1 neoforge
2026-06-23 18:25:07 [INFO]  | |____ ____) | |____    Problem/Feedback: Discord: https://discord.gg/rQV5JPauY7
2026-06-23 18:25:07 [INFO]   \_____|_____/ \_____|
2026-06-23 18:25:07 [INFO]                        
2026-06-23 18:26:36 [INFO] CSC close completely, thanks for using!
2026-06-23 18:32:14 [INFO] CSC is loading...   Success！
2026-06-23 18:32:58 [INFO]    _____  _____  _____ 
2026-06-23 18:32:58 [INFO]   / ____|/ ____|/ ____|
2026-06-23 18:32:58 [INFO]  | |    | (___ | |        [CSC] Version: v1.21.26
2026-06-23 18:32:58 [INFO]  | |     \___ \| |        Minecraft Version: 1.21.1 neoforge
2026-06-23 18:32:58 [INFO]  | |____ ____) | |____    Problem/Feedback: Discord: https://discord.gg/rQV5JPauY7
2026-06-23 18:32:58 [INFO]   \_____|_____/ \_____|
2026-06-23 18:32:58 [INFO]                        
2026-06-23 18:33:50 [INFO] CSC close completely, thanks for using!
2026-06-23 18:39:30 [INFO] CSC is loading...   Success！
2026-06-23 18:42:06 [INFO]    _____  _____  _____ 
2026-06-23 18:42:06 [INFO]   / ____|/ ____|/ ____|
2026-06-23 18:42:06 [INFO]  | |    | (___ | |        [CSC] Version: v1.21.26
2026-06-23 18:42:06 [INFO]  | |     \___ \| |        Minecraft Version: 1.21.1 neoforge
2026-06-23 18:42:06 [INFO]  | |____ ____) | |____    Problem/Feedback: Discord: https://discord.gg/rQV5JPauY7
2026-06-23 18:42:06 [INFO]   \_____|_____/ \_____|
2026-06-23 18:42:06 [INFO]                        
2026-06-23 18:43:10 [INFO] CSC close completely, thanks for using!
2026-06-23 18:51:43 [INFO] CSC is loading...   Success！
2026-06-23 18:52:31 [INFO]    _____  _____  _____ 
2026-06-23 18:52:31 [INFO]   / ____|/ ____|/ ____|
2026-06-23 18:52:31 [INFO]  | |    | (___ | |        [CSC] Version: v1.21.26
2026-06-23 18:52:31 [INFO]  | |     \___ \| |        Minecraft Version: 1.21.1 neoforge
2026-06-23 18:52:31 [INFO]  | |____ ____) | |____    Problem/Feedback: Discord: https://discord.gg/rQV5JPauY7
2026-06-23 18:52:31 [INFO]   \_____|_____/ \_____|
2026-06-23 18:52:31 [INFO]                        
2026-06-23 18:53:13 [INFO] CSC close completely, thanks for using!
2026-06-23 18:56:56 [INFO] CSC is loading...   Success！
2026-06-23 18:57:50 [INFO]    _____  _____  _____ 
2026-06-23 18:57:50 [INFO]   / ____|/ ____|/ ____|
2026-06-23 18:57:50 [INFO]  | |    | (___ | |        [CSC] Version: v1.21.26
2026-06-23 18:57:50 [INFO]  | |     \___ \| |        Minecraft Version: 1.21.1 neoforge
2026-06-23 18:57:50 [INFO]  | |____ ____) | |____    Problem/Feedback: Discord: https://discord.gg/rQV5JPauY7
2026-06-23 18:57:50 [INFO]   \_____|_____/ \_____|
2026-06-23 18:57:50 [INFO]                        
2026-06-23 18:59:53 [INFO] CSC close completely, thanks for using!
2026-06-23 19:08:43 [INFO] CSC is loading...   Success！
2026-06-23 19:09:25 [INFO]    _____  _____  _____ 
2026-06-23 19:09:25 [INFO]   / ____|/ ____|/ ____|
2026-06-23 19:09:25 [INFO]  | |    | (___ | |        [CSC] Version: v1.21.26
2026-06-23 19:09:25 [INFO]  | |     \___ \| |        Minecraft Version: 1.21.1 neoforge
2026-06-23 19:09:25 [INFO]  | |____ ____) | |____    Problem/Feedback: Discord: https://discord.gg/rQV5JPauY7
2026-06-23 19:09:25 [INFO]   \_____|_____/ \_____|
2026-06-23 19:09:25 [INFO]                        
2026-06-23 19:12:29 [INFO] CSC close completely, thanks for using!
2026-06-23 19:35:28 [INFO] CSC is loading...   Success！
2026-06-23 19:39:12 [INFO]    _____  _____  _____ 
2026-06-23 19:39:12 [INFO]   / ____|/ ____|/ ____|
2026-06-23 19:39:12 [INFO]  | |    | (___ | |        [CSC] Version: v1.21.26
2026-06-23 19:39:12 [INFO]  | |     \___ \| |        Minecraft Version: 1.21.1 neoforge
2026-06-23 19:39:12 [INFO]  | |____ ____) | |____    Problem/Feedback: Discord: https://discord.gg/rQV5JPauY7
2026-06-23 19:39:12 [INFO]   \_____|_____/ \_____|
2026-06-23 19:39:12 [INFO]                        
2026-06-23 19:40:16 [INFO] CSC close completely, thanks for using!
2026-06-23 20:18:48 [INFO] CSC is loading...   Success！
2026-06-23 20:19:51 [INFO]    _____  _____  _____ 
2026-06-23 20:19:51 [INFO]   / ____|/ ____|/ ____|
2026-06-23 20:19:51 [INFO]  | |    | (___ | |        [CSC] Version: v1.21.26
2026-06-23 20:19:51 [INFO]  | |     \___ \| |        Minecraft Version: 1.21.1 neoforge
2026-06-23 20:19:51 [INFO]  | |____ ____) | |____    Problem/Feedback: Discord: https://discord.gg/rQV5JPauY7
2026-06-23 20:19:51 [INFO]   \_____|_____/ \_____|
2026-06-23 20:19:51 [INFO]                        
2026-06-23 20:21:09 [INFO] CSC close completely, thanks for using!
2026-06-23 20:26:53 [INFO] CSC is loading...   Success！
2026-06-23 20:29:27 [INFO]    _____  _____  _____ 
2026-06-23 20:29:27 [INFO]   / ____|/ ____|/ ____|
2026-06-23 20:29:27 [INFO]  | |    | (___ | |        [CSC] Version: v1.21.26
2026-06-23 20:29:27 [INFO]  | |     \___ \| |        Minecraft Version: 1.21.1 neoforge
2026-06-23 20:29:27 [INFO]  | |____ ____) | |____    Problem/Feedback: Discord: https://discord.gg/rQV5JPauY7
2026-06-23 20:29:27 [INFO]   \_____|_____/ \_____|
2026-06-23 20:29:27 [INFO]                        
2026-06-23 20:31:20 [INFO] CSC close completely, thanks for using!
2026-06-23 20:44:32 [INFO] CSC is loading...   Success！
2026-06-23 20:45:44 [INFO]    _____  _____  _____ 
2026-06-23 20:45:44 [INFO]   / ____|/ ____|/ ____|
2026-06-23 20:45:44 [INFO]  | |    | (___ | |        [CSC] Version: v1.21.26
2026-06-23 20:45:44 [INFO]  | |     \___ \| |        Minecraft Version: 1.21.1 neoforge
2026-06-23 20:45:44 [INFO]  | |____ ____) | |____    Problem/Feedback: Discord: https://discord.gg/rQV5JPauY7
2026-06-23 20:45:44 [INFO]   \_____|_____/ \_____|
2026-06-23 20:45:44 [INFO]                        
2026-06-23 20:46:46 [INFO] CSC close completely, thanks for using!
2026-06-23 20:54:45 [INFO] CSC is loading...   Success！
2026-06-23 20:57:39 [INFO] CSC is loading...   Success！
2026-06-23 20:58:22 [INFO]    _____  _____  _____ 
2026-06-23 20:58:22 [INFO]   / ____|/ ____|/ ____|
2026-06-23 20:58:22 [INFO]  | |    | (___ | |        [CSC] Version: v1.21.26
2026-06-23 20:58:22 [INFO]  | |     \___ \| |        Minecraft Version: 1.21.1 neoforge
2026-06-23 20:58:22 [INFO]  | |____ ____) | |____    Problem/Feedback: Discord: https://discord.gg/rQV5JPauY7
2026-06-23 20:58:22 [INFO]   \_____|_____/ \_____|
2026-06-23 20:58:22 [INFO]                        
2026-06-23 20:59:43 [INFO] CSC close completely, thanks for using!
2026-06-23 21:06:57 [INFO] CSC is loading...   Success！
2026-06-23 21:07:48 [INFO]    _____  _____  _____ 
2026-06-23 21:07:48 [INFO]   / ____|/ ____|/ ____|
2026-06-23 21:07:48 [INFO]  | |    | (___ | |        [CSC] Version: v1.21.26
2026-06-23 21:07:48 [INFO]  | |     \___ \| |        Minecraft Version: 1.21.1 neoforge
2026-06-23 21:07:48 [INFO]  | |____ ____) | |____    Problem/Feedback: Discord: https://discord.gg/rQV5JPauY7
2026-06-23 21:07:48 [INFO]   \_____|_____/ \_____|
2026-06-23 21:07:48 [INFO]                        
2026-06-23 21:11:07 [INFO] CSC close completely, thanks for using!
2026-06-23 21:21:13 [INFO] CSC is loading...   Success！
2026-06-23 21:22:21 [INFO]    _____  _____  _____ 
2026-06-23 21:22:21 [INFO]   / ____|/ ____|/ ____|
2026-06-23 21:22:21 [INFO]  | |    | (___ | |        [CSC] Version: v1.21.26
2026-06-23 21:22:21 [INFO]  | |     \___ \| |        Minecraft Version: 1.21.1 neoforge
2026-06-23 21:22:21 [INFO]  | |____ ____) | |____    Problem/Feedback: Discord: https://discord.gg/rQV5JPauY7
2026-06-23 21:22:21 [INFO]   \_____|_____/ \_____|
2026-06-23 21:22:21 [INFO]                        
2026-06-23 21:22:54 [INFO] CSC close completely, thanks for using!
2026-06-23 21:31:28 [INFO] CSC is loading...   Success！
2026-06-23 21:33:41 [INFO]    _____  _____  _____ 
2026-06-23 21:33:41 [INFO]   / ____|/ ____|/ ____|
2026-06-23 21:33:41 [INFO]  | |    | (___ | |        [CSC] Version: v1.21.26
2026-06-23 21:33:41 [INFO]  | |     \___ \| |        Minecraft Version: 1.21.1 neoforge
2026-06-23 21:33:41 [INFO]  | |____ ____) | |____    Problem/Feedback: Discord: https://discord.gg/rQV5JPauY7
2026-06-23 21:33:41 [INFO]   \_____|_____/ \_____|
2026-06-23 21:33:41 [INFO]                        
2026-06-23 21:34:37 [INFO] CSC close completely, thanks for using!
2026-06-24 06:19:56 [INFO] CSC is loading...   Success！
2026-06-24 06:20:42 [INFO]    _____  _____  _____ 
2026-06-24 06:20:42 [INFO]   / ____|/ ____|/ ____|
2026-06-24 06:20:42 [INFO]  | |    | (___ | |        [CSC] Version: v1.21.26
2026-06-24 06:20:42 [INFO]  | |     \___ \| |        Minecraft Version: 1.21.1 neoforge
2026-06-24 06:20:42 [INFO]  | |____ ____) | |____    Problem/Feedback: Discord: https://discord.gg/rQV5JPauY7
2026-06-24 06:20:42 [INFO]   \_____|_____/ \_____|
2026-06-24 06:20:42 [INFO]                        
2026-06-24 06:24:59 [INFO] CSC close completely, thanks for using!
2026-06-24 07:34:25 [INFO] CSC is loading...   Success！
2026-06-24 07:35:12 [INFO]    _____  _____  _____ 
2026-06-24 07:35:12 [INFO]   / ____|/ ____|/ ____|
2026-06-24 07:35:12 [INFO]  | |    | (___ | |        [CSC] Version: v1.21.26
2026-06-24 07:35:12 [INFO]  | |     \___ \| |        Minecraft Version: 1.21.1 neoforge
2026-06-24 07:35:12 [INFO]  | |____ ____) | |____    Problem/Feedback: Discord: https://discord.gg/rQV5JPauY7
2026-06-24 07:35:12 [INFO]   \_____|_____/ \_____|
2026-06-24 07:35:12 [INFO]                        
2026-06-24 07:47:55 [INFO] CSC is loading...   Success！
2026-06-24 07:48:53 [INFO]    _____  _____  _____ 
2026-06-24 07:48:53 [INFO]   / ____|/ ____|/ ____|
2026-06-24 07:48:53 [INFO]  | |    | (___ | |        [CSC] Version: v1.21.26
2026-06-24 07:48:53 [INFO]  | |     \___ \| |        Minecraft Version: 1.21.1 neoforge
2026-06-24 07:48:53 [INFO]  | |____ ____) | |____    Problem/Feedback: Discord: https://discord.gg/rQV5JPauY7
2026-06-24 07:48:53 [INFO]   \_____|_____/ \_____|
2026-06-24 07:48:53 [INFO]                        
2026-06-24 07:54:07 [INFO] CSC close completely, thanks for using!
2026-06-24 08:41:31 [INFO] CSC is loading...   Success！
2026-06-24 08:42:18 [INFO]    _____  _____  _____ 
2026-06-24 08:42:18 [INFO]   / ____|/ ____|/ ____|
2026-06-24 08:42:18 [INFO]  | |    | (___ | |        [CSC] Version: v1.21.26
2026-06-24 08:42:18 [INFO]  | |     \___ \| |        Minecraft Version: 1.21.1 neoforge
2026-06-24 08:42:18 [INFO]  | |____ ____) | |____    Problem/Feedback: Discord: https://discord.gg/rQV5JPauY7
2026-06-24 08:42:18 [INFO]   \_____|_____/ \_____|
2026-06-24 08:42:18 [INFO]                        
2026-06-24 08:47:44 [INFO] CSC close completely, thanks for using!
2026-06-24 09:44:33 [INFO] CSC is loading...   Success！
2026-06-24 09:45:24 [INFO]    _____  _____  _____ 
2026-06-24 09:45:24 [INFO]   / ____|/ ____|/ ____|
2026-06-24 09:45:24 [INFO]  | |    | (___ | |        [CSC] Version: v1.21.26
2026-06-24 09:45:24 [INFO]  | |     \___ \| |        Minecraft Version: 1.21.1 neoforge
2026-06-24 09:45:24 [INFO]  | |____ ____) | |____    Problem/Feedback: Discord: https://discord.gg/rQV5JPauY7
2026-06-24 09:45:24 [INFO]   \_____|_____/ \_____|
2026-06-24 09:45:24 [INFO]                        
2026-06-24 09:47:22 [INFO] CSC close completely, thanks for using!
2026-06-24 10:29:30 [INFO] CSC is loading...   Success！
2026-06-24 10:30:31 [INFO]    _____  _____  _____ 
2026-06-24 10:30:31 [INFO]   / ____|/ ____|/ ____|
2026-06-24 10:30:31 [INFO]  | |    | (___ | |        [CSC] Version: v1.21.26
2026-06-24 10:30:31 [INFO]  | |     \___ \| |        Minecraft Version: 1.21.1 neoforge
2026-06-24 10:30:31 [INFO]  | |____ ____) | |____    Problem/Feedback: Discord: https://discord.gg/rQV5JPauY7
2026-06-24 10:30:31 [INFO]   \_____|_____/ \_____|
2026-06-24 10:30:31 [INFO]                        
2026-06-24 10:32:22 [INFO] CSC close completely, thanks for using!
2026-06-24 10:48:45 [INFO] CSC is loading...   Success！
2026-06-24 10:49:46 [INFO]    _____  _____  _____ 
2026-06-24 10:49:46 [INFO]   / ____|/ ____|/ ____|
2026-06-24 10:49:46 [INFO]  | |    | (___ | |        [CSC] Version: v1.21.26
2026-06-24 10:49:46 [INFO]  | |     \___ \| |        Minecraft Version: 1.21.1 neoforge
2026-06-24 10:49:46 [INFO]  | |____ ____) | |____    Problem/Feedback: Discord: https://discord.gg/rQV5JPauY7
2026-06-24 10:49:46 [INFO]   \_____|_____/ \_____|
2026-06-24 10:49:46 [INFO]                        
2026-06-24 10:55:12 [INFO] CSC close completely, thanks for using!
2026-06-24 11:06:23 [INFO] CSC is loading...   Success！
2026-06-24 11:07:09 [INFO]    _____  _____  _____ 
2026-06-24 11:07:09 [INFO]   / ____|/ ____|/ ____|
2026-06-24 11:07:09 [INFO]  | |    | (___ | |        [CSC] Version: v1.21.26
2026-06-24 11:07:09 [INFO]  | |     \___ \| |        Minecraft Version: 1.21.1 neoforge
2026-06-24 11:07:09 [INFO]  | |____ ____) | |____    Problem/Feedback: Discord: https://discord.gg/rQV5JPauY7
2026-06-24 11:07:09 [INFO]   \_____|_____/ \_____|
2026-06-24 11:07:09 [INFO]                        
2026-06-24 11:08:43 [INFO] CSC close completely, thanks for using!
2026-06-24 11:19:06 [INFO] CSC is loading...   Success！
2026-06-24 11:20:24 [INFO]    _____  _____  _____ 
2026-06-24 11:20:24 [INFO]   / ____|/ ____|/ ____|
2026-06-24 11:20:24 [INFO]  | |    | (___ | |        [CSC] Version: v1.21.26
2026-06-24 11:20:24 [INFO]  | |     \___ \| |        Minecraft Version: 1.21.1 neoforge
2026-06-24 11:20:24 [INFO]  | |____ ____) | |____    Problem/Feedback: Discord: https://discord.gg/rQV5JPauY7
2026-06-24 11:20:24 [INFO]   \_____|_____/ \_____|
2026-06-24 11:20:24 [INFO]                        
2026-06-24 11:20:49 [INFO] CSC close completely, thanks for using!
2026-06-24 11:25:57 [INFO] CSC is loading...   Success！
2026-06-24 11:26:49 [INFO]    _____  _____  _____ 
2026-06-24 11:26:49 [INFO]   / ____|/ ____|/ ____|
2026-06-24 11:26:49 [INFO]  | |    | (___ | |        [CSC] Version: v1.21.26
2026-06-24 11:26:49 [INFO]  | |     \___ \| |        Minecraft Version: 1.21.1 neoforge
2026-06-24 11:26:49 [INFO]  | |____ ____) | |____    Problem/Feedback: Discord: https://discord.gg/rQV5JPauY7
2026-06-24 11:26:49 [INFO]   \_____|_____/ \_____|
2026-06-24 11:26:49 [INFO]                        
2026-06-24 11:27:56 [INFO] CSC close completely, thanks for using!
2026-06-24 11:41:23 [INFO] CSC is loading...   Success！
2026-06-24 11:42:44 [INFO]    _____  _____  _____ 
2026-06-24 11:42:44 [INFO]   / ____|/ ____|/ ____|
2026-06-24 11:42:44 [INFO]  | |    | (___ | |        [CSC] Version: v1.21.26
2026-06-24 11:42:44 [INFO]  | |     \___ \| |        Minecraft Version: 1.21.1 neoforge
2026-06-24 11:42:44 [INFO]  | |____ ____) | |____    Problem/Feedback: Discord: https://discord.gg/rQV5JPauY7
2026-06-24 11:42:44 [INFO]   \_____|_____/ \_____|
2026-06-24 11:42:44 [INFO]                        
2026-06-24 11:43:12 [INFO] CSC close completely, thanks for using!
2026-06-24 11:50:07 [INFO] CSC is loading...   Success！
2026-06-24 11:50:58 [INFO]    _____  _____  _____ 
2026-06-24 11:50:58 [INFO]   / ____|/ ____|/ ____|
2026-06-24 11:50:58 [INFO]  | |    | (___ | |        [CSC] Version: v1.21.26
2026-06-24 11:50:58 [INFO]  | |     \___ \| |        Minecraft Version: 1.21.1 neoforge
2026-06-24 11:50:58 [INFO]  | |____ ____) | |____    Problem/Feedback: Discord: https://discord.gg/rQV5JPauY7
2026-06-24 11:50:58 [INFO]   \_____|_____/ \_____|
2026-06-24 11:50:58 [INFO]                        
2026-06-24 11:52:19 [INFO] CSC close completely, thanks for using!
2026-06-24 11:56:54 [INFO] CSC is loading...   Success！
2026-06-24 11:58:00 [INFO]    _____  _____  _____ 
2026-06-24 11:58:00 [INFO]   / ____|/ ____|/ ____|
2026-06-24 11:58:00 [INFO]  | |    | (___ | |        [CSC] Version: v1.21.26
2026-06-24 11:58:00 [INFO]  | |     \___ \| |        Minecraft Version: 1.21.1 neoforge
2026-06-24 11:58:00 [INFO]  | |____ ____) | |____    Problem/Feedback: Discord: https://discord.gg/rQV5JPauY7
2026-06-24 11:58:00 [INFO]   \_____|_____/ \_____|
2026-06-24 11:58:00 [INFO]                        
2026-06-24 11:59:20 [INFO] CSC close completely, thanks for using!
2026-06-24 12:54:46 [INFO] CSC is loading...   Success！
2026-06-24 12:55:34 [INFO]    _____  _____  _____ 
2026-06-24 12:55:34 [INFO]   / ____|/ ____|/ ____|
2026-06-24 12:55:34 [INFO]  | |    | (___ | |        [CSC] Version: v1.21.26
2026-06-24 12:55:34 [INFO]  | |     \___ \| |        Minecraft Version: 1.21.1 neoforge
2026-06-24 12:55:34 [INFO]  | |____ ____) | |____    Problem/Feedback: Discord: https://discord.gg/rQV5JPauY7
2026-06-24 12:55:34 [INFO]   \_____|_____/ \_____|
2026-06-24 12:55:34 [INFO]                        
2026-06-24 12:58:12 [INFO] CSC close completely, thanks for using!
2026-06-24 13:02:39 [INFO] CSC is loading...   Success！
2026-06-24 13:03:36 [INFO]    _____  _____  _____ 
2026-06-24 13:03:36 [INFO]   / ____|/ ____|/ ____|
2026-06-24 13:03:36 [INFO]  | |    | (___ | |        [CSC] Version: v1.21.26
2026-06-24 13:03:36 [INFO]  | |     \___ \| |        Minecraft Version: 1.21.1 neoforge
2026-06-24 13:03:36 [INFO]  | |____ ____) | |____    Problem/Feedback: Discord: https://discord.gg/rQV5JPauY7
2026-06-24 13:03:36 [INFO]   \_____|_____/ \_____|
2026-06-24 13:03:36 [INFO]                        
2026-06-24 13:05:01 [INFO] CSC close completely, thanks for using!
2026-06-25 00:30:04 [INFO] CSC is loading...   Success！
2026-06-25 00:31:02 [INFO]    _____  _____  _____ 
2026-06-25 00:31:02 [INFO]   / ____|/ ____|/ ____|
2026-06-25 00:31:02 [INFO]  | |    | (___ | |        [CSC] Version: v1.21.26
2026-06-25 00:31:02 [INFO]  | |     \___ \| |        Minecraft Version: 1.21.1 neoforge
2026-06-25 00:31:02 [INFO]  | |____ ____) | |____    Problem/Feedback: Discord: https://discord.gg/rQV5JPauY7
2026-06-25 00:31:02 [INFO]   \_____|_____/ \_____|
2026-06-25 00:31:02 [INFO]                        
2026-06-25 00:33:17 [INFO] CSC close completely, thanks for using!
2026-06-25 00:37:20 [INFO] CSC is loading...   Success！
2026-06-25 00:38:21 [INFO]    _____  _____  _____ 
2026-06-25 00:38:21 [INFO]   / ____|/ ____|/ ____|
2026-06-25 00:38:21 [INFO]  | |    | (___ | |        [CSC] Version: v1.21.26
2026-06-25 00:38:21 [INFO]  | |     \___ \| |        Minecraft Version: 1.21.1 neoforge
2026-06-25 00:38:21 [INFO]  | |____ ____) | |____    Problem/Feedback: Discord: https://discord.gg/rQV5JPauY7
2026-06-25 00:38:21 [INFO]   \_____|_____/ \_____|
2026-06-25 00:38:21 [INFO]                        
2026-06-25 00:40:00 [INFO] CSC close completely, thanks for using!
2026-06-25 00:41:12 [INFO] CSC is loading...   Success！
2026-06-25 00:42:14 [INFO]    _____  _____  _____ 
2026-06-25 00:42:14 [INFO]   / ____|/ ____|/ ____|
2026-06-25 00:42:14 [INFO]  | |    | (___ | |        [CSC] Version: v1.21.26
2026-06-25 00:42:14 [INFO]  | |     \___ \| |        Minecraft Version: 1.21.1 neoforge
2026-06-25 00:42:14 [INFO]  | |____ ____) | |____    Problem/Feedback: Discord: https://discord.gg/rQV5JPauY7
2026-06-25 00:42:14 [INFO]   \_____|_____/ \_____|
2026-06-25 00:42:14 [INFO]                        
2026-06-25 00:44:55 [INFO] CSC close completely, thanks for using!
